cover_-_usd_($),12_months_ended,unnamed:_2,unnamed:_3,ticker,report_date,document_and_entity_information_-_usd_($),cover_page_-_usd_($),cover_page_-_usd_($)_$_in_millions,cover_-_usd_($)_$_in_billions,cover_-_usd_($)_$_in_millions,11_months_ended,document_and_entity_information_-_usd_($)_$_in_billions,document_and_entity_information_-_usd_($)_$_in_millions,cover_page_-_usd_($)_$_in_billions
,"Oct. 31, 2020","Dec. 10, 2020","Apr. 30, 2020",A,2020-12-17,,,,,,,,,
,,,,A,2020-12-17,,,,,,,,Entity Information [Line Items],
,10-K,,,A,2020-12-17,,,,,,,,Document Type,
,true,,,A,2020-12-17,,,,,,,,Document Annual Report,
,"Oct. 31,
		2020",,,A,2020-12-17,,,,,,,,Document Period End Date,
,FY,,,A,2020-12-17,,,,,,,,Document Fiscal Period Focus,
,--10-31,,,A,2020-12-17,,,,,,,,Current Fiscal Year End Date,
,2020,,,A,2020-12-17,,,,,,,,Document Fiscal Year Focus,
,false,,,A,2020-12-17,,,,,,,,Document Transition Report,
,001-15405,,,A,2020-12-17,,,,,,,,Entity File Number,
,"Agilent Technologies, Inc.",,,A,2020-12-17,,,,,,,,Entity Registrant Name,
,0001090872,,,A,2020-12-17,,,,,,,,Entity Central Index Key,
,DE,,,A,2020-12-17,,,,,,,,"Entity Incorporation, State or Country Code",
,77-0518772,,,A,2020-12-17,,,,,,,,Entity Tax Identification Number,
,5301 Stevens Creek Blvd.,,,A,2020-12-17,,,,,,,,"Entity Address, Address Line One",
,"Santa Clara,",,,A,2020-12-17,,,,,,,,"Entity Address, City or Town",
,CA,,,A,2020-12-17,,,,,,,,"Entity Address, State or Province",
,95051,,,A,2020-12-17,,,,,,,,"Entity Address, Postal Zip Code",
,(800),,,A,2020-12-17,,,,,,,,City Area Code,
,227-9770,,,A,2020-12-17,,,,,,,,Local Phone Number,
,"Common Stock, $0.01 par value",,,A,2020-12-17,,,,,,,,Title of 12(b) Security,
,A,,,A,2020-12-17,,,,,,,,Trading Symbol,
,NYSE,,,A,2020-12-17,,,,,,,,Security Exchange Name,
,Yes,,,A,2020-12-17,,,,,,,,Entity Well-known Seasoned Issuer,
,No,,,A,2020-12-17,,,,,,,,Entity Voluntary Filers,
,Yes,,,A,2020-12-17,,,,,,,,Entity Current Reporting Status,
,Yes,,,A,2020-12-17,,,,,,,,Entity Interactive Data Current,
,Large Accelerated Filer,,,A,2020-12-17,,,,,,,,Entity Filer Category,
,false,,,A,2020-12-17,,,,,,,,Entity Small Business,
,false,,,A,2020-12-17,,,,,,,,Entity Emerging Growth Company,
,true,,,A,2020-12-17,,,,,,,,ICFR Auditor Attestation Flag,
,false,,,A,2020-12-17,,,,,,,,Entity Shell Company,
,,,18000,A,2020-12-17,,,,,,,,Entity Public Float,
,,306849526,,A,2020-12-17,,,,,,,,"Entity Common Stock, Shares Outstanding",
,false,,,A,2020-12-17,,,,,,,,Amendment Flag,
,"Portions of the Proxy Statement for the Annual Meeting of Stockholders (the ""Proxy Statement"") to be held on March 17, 2021, and to be filed pursuant to Regulation 14A within 120 days after registrant's fiscal year ended October 31, 2020 are incorporated by reference into Part III of this Report",,,A,2020-12-17,,,,,,,,Documents Incorporated by Reference [Text Block],
,"Oct. 31, 2021","Dec. 08, 2021","Apr. 30, 2021",A,2021-12-17,,,,,,,,,
,,,,A,2021-12-17,,,,,,,,Entity Information [Line Items],
,10-K,,,A,2021-12-17,,,,,,,,Document Type,
,true,,,A,2021-12-17,,,,,,,,Document Annual Report,
,"Oct. 31,
		2021",,,A,2021-12-17,,,,,,,,Document Period End Date,
,FY,,,A,2021-12-17,,,,,,,,Document Fiscal Period Focus,
,--10-31,,,A,2021-12-17,,,,,,,,Current Fiscal Year End Date,
,2021,,,A,2021-12-17,,,,,,,,Document Fiscal Year Focus,
,false,,,A,2021-12-17,,,,,,,,Document Transition Report,
,001-15405,,,A,2021-12-17,,,,,,,,Entity File Number,
,"Agilent Technologies, Inc.",,,A,2021-12-17,,,,,,,,Entity Registrant Name,
,0001090872,,,A,2021-12-17,,,,,,,,Entity Central Index Key,
,DE,,,A,2021-12-17,,,,,,,,"Entity Incorporation, State or Country Code",
,77-0518772,,,A,2021-12-17,,,,,,,,Entity Tax Identification Number,
,5301 Stevens Creek Blvd.,,,A,2021-12-17,,,,,,,,"Entity Address, Address Line One",
,"Santa Clara,",,,A,2021-12-17,,,,,,,,"Entity Address, City or Town",
,CA,,,A,2021-12-17,,,,,,,,"Entity Address, State or Province",
,95051,,,A,2021-12-17,,,,,,,,"Entity Address, Postal Zip Code",
,(800),,,A,2021-12-17,,,,,,,,City Area Code,
,227-9770,,,A,2021-12-17,,,,,,,,Local Phone Number,
,"Common Stock, $0.01 par value",,,A,2021-12-17,,,,,,,,Title of 12(b) Security,
,A,,,A,2021-12-17,,,,,,,,Trading Symbol,
,NYSE,,,A,2021-12-17,,,,,,,,Security Exchange Name,
,Yes,,,A,2021-12-17,,,,,,,,Entity Well-known Seasoned Issuer,
,No,,,A,2021-12-17,,,,,,,,Entity Voluntary Filers,
,Yes,,,A,2021-12-17,,,,,,,,Entity Current Reporting Status,
,Yes,,,A,2021-12-17,,,,,,,,Entity Interactive Data Current,
,Large Accelerated Filer,,,A,2021-12-17,,,,,,,,Entity Filer Category,
,false,,,A,2021-12-17,,,,,,,,Entity Small Business,
,false,,,A,2021-12-17,,,,,,,,Entity Emerging Growth Company,
,true,,,A,2021-12-17,,,,,,,,ICFR Auditor Attestation Flag,
,false,,,A,2021-12-17,,,,,,,,Entity Shell Company,
,,,30900,A,2021-12-17,,,,,,,,Entity Public Float,
,,302000797,,A,2021-12-17,,,,,,,,"Entity Common Stock, Shares Outstanding",
,false,,,A,2021-12-17,,,,,,,,Amendment Flag,
,"Portions of the Proxy Statement for the Annual Meeting of Stockholders (the ""Proxy Statement"") to be held on March 16, 2022, and to be filed pursuant to Regulation 14A within 120 days after registrant's fiscal year ended October 31, 2021 are incorporated by reference into Part III of this Report",,,A,2021-12-17,,,,,,,,Documents Incorporated by Reference [Text Block],
,"Oct. 31, 2022","Dec. 09, 2022","Apr. 30, 2022",A,2022-12-20,,,,,,,,,
, , , ,A,2022-12-20,,,Entity Information [Line Items],,,,,,
,10-K, , ,A,2022-12-20,,,Document Type,,,,,,
,true, , ,A,2022-12-20,,,Document Annual Report,,,,,,
,"Oct. 31,  2022", , ,A,2022-12-20,,,Document Period End Date,,,,,,
,FY, , ,A,2022-12-20,,,Document Fiscal Period Focus,,,,,,
,--10-31, , ,A,2022-12-20,,,Current Fiscal Year End Date,,,,,,
,2022, , ,A,2022-12-20,,,Document Fiscal Year Focus,,,,,,
,false, , ,A,2022-12-20,,,Document Transition Report,,,,,,
,001-15405, , ,A,2022-12-20,,,Entity File Number,,,,,,
,"Agilent Technologies, Inc.", , ,A,2022-12-20,,,Entity Registrant Name,,,,,,
,0001090872, , ,A,2022-12-20,,,Entity Central Index Key,,,,,,
,DE, , ,A,2022-12-20,,,"Entity Incorporation, State or Country Code",,,,,,
,77-0518772, , ,A,2022-12-20,,,Entity Tax Identification Number,,,,,,
,5301 Stevens Creek Blvd., , ,A,2022-12-20,,,"Entity Address, Address Line One",,,,,,
,"Santa Clara,", , ,A,2022-12-20,,,"Entity Address, City or Town",,,,,,
,CA, , ,A,2022-12-20,,,"Entity Address, State or Province",,,,,,
,95051, , ,A,2022-12-20,,,"Entity Address, Postal Zip Code",,,,,,
,(800), , ,A,2022-12-20,,,City Area Code,,,,,,
,227-9770, , ,A,2022-12-20,,,Local Phone Number,,,,,,
,"Common Stock, $0.01 par value", , ,A,2022-12-20,,,Title of 12(b) Security,,,,,,
,A, , ,A,2022-12-20,,,Trading Symbol,,,,,,
,NYSE, , ,A,2022-12-20,,,Security Exchange Name,,,,,,
,Yes, , ,A,2022-12-20,,,Entity Well-known Seasoned Issuer,,,,,,
,No, , ,A,2022-12-20,,,Entity Voluntary Filers,,,,,,
,Yes, , ,A,2022-12-20,,,Entity Current Reporting Status,,,,,,
,Yes, , ,A,2022-12-20,,,Entity Interactive Data Current,,,,,,
,Large Accelerated Filer, , ,A,2022-12-20,,,Entity Filer Category,,,,,,
,false, , ,A,2022-12-20,,,Entity Small Business,,,,,,
,false, , ,A,2022-12-20,,,Entity Emerging Growth Company,,,,,,
,true, , ,A,2022-12-20,,,ICFR Auditor Attestation Flag,,,,,,
,false, , ,A,2022-12-20,,,Entity Shell Company,,,,,,
, , ,26600,A,2022-12-20,,,Entity Public Float,,,,,,
, ,296072040, ,A,2022-12-20,,,"Entity Common Stock, Shares Outstanding",,,,,,
,false, , ,A,2022-12-20,,,Amendment Flag,,,,,,
,"Portions of the Proxy Statement for the Annual Meeting of Stockholders (the ""Proxy Statement"") to be held on March 15, 2023, and to be filed pursuant to Regulation 14A within 120 days after registrant's fiscal year ended October 31, 2022 are incorporated by reference into Part III of this Report", , ,A,2022-12-20,,,Documents Incorporated by Reference [Text Block],,,,,,
,"Oct. 31, 2023","Dec. 08, 2023","Apr. 30, 2023",A,2023-12-19,,,,,,,,,
, , , ,A,2023-12-19,,,Entity Information [Line Items],,,,,,
,10-K, , ,A,2023-12-19,,,Document Type,,,,,,
,true, , ,A,2023-12-19,,,Document Annual Report,,,,,,
,"Oct. 31,  2023", , ,A,2023-12-19,,,Document Period End Date,,,,,,
,FY, , ,A,2023-12-19,,,Document Fiscal Period Focus,,,,,,
,--10-31, , ,A,2023-12-19,,,Current Fiscal Year End Date,,,,,,
,2023, , ,A,2023-12-19,,,Document Fiscal Year Focus,,,,,,
,false, , ,A,2023-12-19,,,Document Transition Report,,,,,,
,001-15405, , ,A,2023-12-19,,,Entity File Number,,,,,,
,"Agilent Technologies, Inc.", , ,A,2023-12-19,,,Entity Registrant Name,,,,,,
,0001090872, , ,A,2023-12-19,,,Entity Central Index Key,,,,,,
,DE, , ,A,2023-12-19,,,"Entity Incorporation, State or Country Code",,,,,,
,77-0518772, , ,A,2023-12-19,,,Entity Tax Identification Number,,,,,,
,5301 Stevens Creek Blvd., , ,A,2023-12-19,,,"Entity Address, Address Line One",,,,,,
,"Santa Clara,", , ,A,2023-12-19,,,"Entity Address, City or Town",,,,,,
,CA, , ,A,2023-12-19,,,"Entity Address, State or Province",,,,,,
,95051, , ,A,2023-12-19,,,"Entity Address, Postal Zip Code",,,,,,
,(800), , ,A,2023-12-19,,,City Area Code,,,,,,
,227-9770, , ,A,2023-12-19,,,Local Phone Number,,,,,,
,"Common Stock, $0.01 par value", , ,A,2023-12-19,,,Title of 12(b) Security,,,,,,
,A, , ,A,2023-12-19,,,Trading Symbol,,,,,,
,NYSE, , ,A,2023-12-19,,,Security Exchange Name,,,,,,
,Yes, , ,A,2023-12-19,,,Entity Well-known Seasoned Issuer,,,,,,
,No, , ,A,2023-12-19,,,Entity Voluntary Filers,,,,,,
,Yes, , ,A,2023-12-19,,,Entity Current Reporting Status,,,,,,
,Yes, , ,A,2023-12-19,,,Entity Interactive Data Current,,,,,,
,Large Accelerated Filer, , ,A,2023-12-19,,,Entity Filer Category,,,,,,
,false, , ,A,2023-12-19,,,Entity Small Business,,,,,,
,false, , ,A,2023-12-19,,,Entity Emerging Growth Company,,,,,,
,true, , ,A,2023-12-19,,,ICFR Auditor Attestation Flag,,,,,,
,false, , ,A,2023-12-19,,,Document Financial Statement Error Correction,,,,,,
,false, , ,A,2023-12-19,,,Entity Shell Company,,,,,,
, , ,31200,A,2023-12-19,,,Entity Public Float,,,,,,
, ,293004102, ,A,2023-12-19,,,"Entity Common Stock, Shares Outstanding",,,,,,
,false, , ,A,2023-12-19,,,Amendment Flag,,,,,,
,"Portions of the Proxy Statement for the Annual Meeting of Stockholders (the ""Proxy Statement"") to be held on March 14, 2024, and to be filed pursuant to Regulation 14A within 120 days after registrant's fiscal year ended October 31, 2023 are incorporated by reference into Part III of this Report", , ,A,2023-12-19,,,Documents Incorporated by Reference [Text Block],,,,,,
,"Oct. 31, 2024","Dec. 09, 2024","Apr. 30, 2024",A,2024-12-19,,,,,,,,,
, , , ,A,2024-12-19,,,,,,,,,Entity Information [Line Items]
,10-K, , ,A,2024-12-19,,,,,,,,,Document Type
,true, , ,A,2024-12-19,,,,,,,,,Document Annual Report
,"Oct. 31,  2024", , ,A,2024-12-19,,,,,,,,,Document Period End Date
,FY, , ,A,2024-12-19,,,,,,,,,Document Fiscal Period Focus
,--10-31, , ,A,2024-12-19,,,,,,,,,Current Fiscal Year End Date
,2024, , ,A,2024-12-19,,,,,,,,,Document Fiscal Year Focus
,false, , ,A,2024-12-19,,,,,,,,,Document Transition Report
,001-15405, , ,A,2024-12-19,,,,,,,,,Entity File Number
,"Agilent Technologies, Inc.", , ,A,2024-12-19,,,,,,,,,Entity Registrant Name
,0001090872, , ,A,2024-12-19,,,,,,,,,Entity Central Index Key
,DE, , ,A,2024-12-19,,,,,,,,,"Entity Incorporation, State or Country Code"
,77-0518772, , ,A,2024-12-19,,,,,,,,,Entity Tax Identification Number
,5301 Stevens Creek Blvd., , ,A,2024-12-19,,,,,,,,,"Entity Address, Address Line One"
,"Santa Clara,", , ,A,2024-12-19,,,,,,,,,"Entity Address, City or Town"
,CA, , ,A,2024-12-19,,,,,,,,,"Entity Address, State or Province"
,95051, , ,A,2024-12-19,,,,,,,,,"Entity Address, Postal Zip Code"
,(800), , ,A,2024-12-19,,,,,,,,,City Area Code
,227-9770, , ,A,2024-12-19,,,,,,,,,Local Phone Number
,"Common Stock, $0.01 par value", , ,A,2024-12-19,,,,,,,,,Title of 12(b) Security
,A, , ,A,2024-12-19,,,,,,,,,Trading Symbol
,NYSE, , ,A,2024-12-19,,,,,,,,,Security Exchange Name
,Yes, , ,A,2024-12-19,,,,,,,,,Entity Well-known Seasoned Issuer
,No, , ,A,2024-12-19,,,,,,,,,Entity Voluntary Filers
,Yes, , ,A,2024-12-19,,,,,,,,,Entity Current Reporting Status
,Yes, , ,A,2024-12-19,,,,,,,,,Entity Interactive Data Current
,Large Accelerated Filer, , ,A,2024-12-19,,,,,,,,,Entity Filer Category
,false, , ,A,2024-12-19,,,,,,,,,Entity Small Business
,false, , ,A,2024-12-19,,,,,,,,,Entity Emerging Growth Company
,true, , ,A,2024-12-19,,,,,,,,,ICFR Auditor Attestation Flag
,false, , ,A,2024-12-19,,,,,,,,,Document Financial Statement Error Correction
,false, , ,A,2024-12-19,,,,,,,,,Entity Shell Company
, , ,30,A,2024-12-19,,,,,,,,,Entity Public Float
, ,285595302, ,A,2024-12-19,,,,,,,,,"Entity Common Stock, Shares Outstanding"
,false, , ,A,2024-12-19,,,,,,,,,Amendment Flag
,"Portions of the Proxy Statement for the Annual Meeting of Stockholders (the ""Proxy Statement"") to be held on March 13, 2025, and to be filed pursuant to Regulation 14A within 120 days after registrant's fiscal year ended October 31, 2024 are incorporated by reference into Part III of this Report", , ,A,2024-12-19,,,,,,,,,Documents Incorporated by Reference [Text Block]
,"Dec. 31, 2020","Feb. 19, 2021","Jun. 30, 2020",AA,2021-02-25,,,,,,,,,
,,,,AA,2021-02-25,,,,,,,Cover [Abstract],,
,10-K,,,AA,2021-02-25,,,,,,,Document Type,,
,false,,,AA,2021-02-25,,,,,,,Amendment Flag,,
,"Dec. 31,
		2020",,,AA,2021-02-25,,,,,,,Document Period End Date,,
,2020,,,AA,2021-02-25,,,,,,,Document Fiscal Year Focus,,
,FY,,,AA,2021-02-25,,,,,,,Document Fiscal Period Focus,,
,AA,,,AA,2021-02-25,,,,,,,Trading Symbol,,
,ALCOA CORP,,,AA,2021-02-25,,,,,,,Entity Registrant Name,,
,0001675149,,,AA,2021-02-25,,,,,,,Entity Central Index Key,,
,--12-31,,,AA,2021-02-25,,,,,,,Current Fiscal Year End Date,,
,Yes,,,AA,2021-02-25,,,,,,,Entity Well-known Seasoned Issuer,,
,Yes,,,AA,2021-02-25,,,,,,,Entity Current Reporting Status,,
,No,,,AA,2021-02-25,,,,,,,Entity Voluntary Filers,,
,Large Accelerated Filer,,,AA,2021-02-25,,,,,,,Entity Filer Category,,
,false,,,AA,2021-02-25,,,,,,,Entity Small Business,,
,false,,,AA,2021-02-25,,,,,,,Entity Emerging Growth Company,,
,true,,,AA,2021-02-25,,,,,,,ICFR Auditor Attestation Flag,,
,false,,,AA,2021-02-25,,,,,,,Entity Shell Company,,
,,186251518,,AA,2021-02-25,,,,,,,"Entity Common Stock, Shares Outstanding",,
,,,2.1,AA,2021-02-25,,,,,,,Entity Public Float,,
,1-37816,,,AA,2021-02-25,,,,,,,Entity File Number,,
,DE,,,AA,2021-02-25,,,,,,,"Entity Incorporation, State or Country Code",,
,81-1789115,,,AA,2021-02-25,,,,,,,Entity Tax Identification Number,,
,201 Isabella Street,,,AA,2021-02-25,,,,,,,"Entity Address, Address Line One",,
,Suite 500,,,AA,2021-02-25,,,,,,,"Entity Address, Address Line Two",,
,Pittsburgh,,,AA,2021-02-25,,,,,,,"Entity Address, City or Town",,
,PA,,,AA,2021-02-25,,,,,,,"Entity Address, State or Province",,
,15212-5858,,,AA,2021-02-25,,,,,,,"Entity Address, Postal Zip Code",,
,412,,,AA,2021-02-25,,,,,,,City Area Code,,
,315-2900,,,AA,2021-02-25,,,,,,,Local Phone Number,,
,Yes,,,AA,2021-02-25,,,,,,,Entity Interactive Data Current,,
,"Common Stock, par value $0.01 per share",,,AA,2021-02-25,,,,,,,Title of 12(b) Security,,
,NYSE,,,AA,2021-02-25,,,,,,,Security Exchange Name,,
,true,,,AA,2021-02-25,,,,,,,Document Annual Report,,
,false,,,AA,2021-02-25,,,,,,,Document Transition Report,,
,Part III of this Form 10-K incorporates by reference certain information from the registrant’s Definitive Proxy Statement for its 2021 Annual Meeting of Stockholders to be filed pursuant to Regulation 14A.,,,AA,2021-02-25,,,,,,,Documents Incorporated by Reference,,
,"Dec. 31, 2021","Feb. 18, 2022","Jun. 30, 2021",AA,2022-02-24,,,,,,,,,
,,,,AA,2022-02-24,,,,,,,Cover [Abstract],,
,10-K,,,AA,2022-02-24,,,,,,,Document Type,,
,false,,,AA,2022-02-24,,,,,,,Amendment Flag,,
,"Dec. 31,
		2021",,,AA,2022-02-24,,,,,,,Document Period End Date,,
,2021,,,AA,2022-02-24,,,,,,,Document Fiscal Year Focus,,
,FY,,,AA,2022-02-24,,,,,,,Document Fiscal Period Focus,,
,AA,,,AA,2022-02-24,,,,,,,Trading Symbol,,
,ALCOA CORP,,,AA,2022-02-24,,,,,,,Entity Registrant Name,,
,0001675149,,,AA,2022-02-24,,,,,,,Entity Central Index Key,,
,--12-31,,,AA,2022-02-24,,,,,,,Current Fiscal Year End Date,,
,Yes,,,AA,2022-02-24,,,,,,,Entity Well-known Seasoned Issuer,,
,Yes,,,AA,2022-02-24,,,,,,,Entity Current Reporting Status,,
,No,,,AA,2022-02-24,,,,,,,Entity Voluntary Filers,,
,Large Accelerated Filer,,,AA,2022-02-24,,,,,,,Entity Filer Category,,
,false,,,AA,2022-02-24,,,,,,,Entity Small Business,,
,false,,,AA,2022-02-24,,,,,,,Entity Emerging Growth Company,,
,true,,,AA,2022-02-24,,,,,,,ICFR Auditor Attestation Flag,,
,false,,,AA,2022-02-24,,,,,,,Entity Shell Company,,
,,185403032,,AA,2022-02-24,,,,,,,"Entity Common Stock, Shares Outstanding",,
,,,6.9,AA,2022-02-24,,,,,,,Entity Public Float,,
,1-37816,,,AA,2022-02-24,,,,,,,Entity File Number,,
,DE,,,AA,2022-02-24,,,,,,,"Entity Incorporation, State or Country Code",,
,81-1789115,,,AA,2022-02-24,,,,,,,Entity Tax Identification Number,,
,201 Isabella Street,,,AA,2022-02-24,,,,,,,"Entity Address, Address Line One",,
,Suite 500,,,AA,2022-02-24,,,,,,,"Entity Address, Address Line Two",,
,Pittsburgh,,,AA,2022-02-24,,,,,,,"Entity Address, City or Town",,
,PA,,,AA,2022-02-24,,,,,,,"Entity Address, State or Province",,
,15212-5858,,,AA,2022-02-24,,,,,,,"Entity Address, Postal Zip Code",,
,412,,,AA,2022-02-24,,,,,,,City Area Code,,
,315-2900,,,AA,2022-02-24,,,,,,,Local Phone Number,,
,Yes,,,AA,2022-02-24,,,,,,,Entity Interactive Data Current,,
,"Common Stock, par value $0.01 per share",,,AA,2022-02-24,,,,,,,Title of 12(b) Security,,
,NYSE,,,AA,2022-02-24,,,,,,,Security Exchange Name,,
,true,,,AA,2022-02-24,,,,,,,Document Annual Report,,
,false,,,AA,2022-02-24,,,,,,,Document Transition Report,,
,238,,,AA,2022-02-24,,,,,,,Auditor Firm ID,,
,PricewaterhouseCoopers LLP,,,AA,2022-02-24,,,,,,,Auditor Name,,
,"Pittsburgh, Pennsylvania, United States",,,AA,2022-02-24,,,,,,,Auditor Location,,
,Part III of this Form 10-K incorporates by reference certain information from the registrant’s Definitive Proxy Statement for its 2022 Annual Meeting of Stockholders to be filed pursuant to Regulation 14A.,,,AA,2022-02-24,,,,,,,Documents Incorporated by Reference,,
,"Dec. 31, 2022","Feb. 17, 2023","Jun. 30, 2022",AA,2023-02-23,,,,,,,,,
, , , ,AA,2023-02-23,,,,,,,Cover [Abstract],,
,10-K, , ,AA,2023-02-23,,,,,,,Document Type,,
,false, , ,AA,2023-02-23,,,,,,,Amendment Flag,,
,"Dec. 31,  2022", , ,AA,2023-02-23,,,,,,,Document Period End Date,,
,2022, , ,AA,2023-02-23,,,,,,,Document Fiscal Year Focus,,
,FY, , ,AA,2023-02-23,,,,,,,Document Fiscal Period Focus,,
,AA, , ,AA,2023-02-23,,,,,,,Trading Symbol,,
,ALCOA CORP, , ,AA,2023-02-23,,,,,,,Entity Registrant Name,,
,0001675149, , ,AA,2023-02-23,,,,,,,Entity Central Index Key,,
,--12-31, , ,AA,2023-02-23,,,,,,,Current Fiscal Year End Date,,
,Yes, , ,AA,2023-02-23,,,,,,,Entity Well-known Seasoned Issuer,,
,Yes, , ,AA,2023-02-23,,,,,,,Entity Current Reporting Status,,
,No, , ,AA,2023-02-23,,,,,,,Entity Voluntary Filers,,
,Large Accelerated Filer, , ,AA,2023-02-23,,,,,,,Entity Filer Category,,
,false, , ,AA,2023-02-23,,,,,,,Entity Small Business,,
,false, , ,AA,2023-02-23,,,,,,,Entity Emerging Growth Company,,
,true, , ,AA,2023-02-23,,,,,,,ICFR Auditor Attestation Flag,,
,false, , ,AA,2023-02-23,,,,,,,Entity Shell Company,,
, ,178349345, ,AA,2023-02-23,,,,,,,"Entity Common Stock, Shares Outstanding",,
, , ,8.2,AA,2023-02-23,,,,,,,Entity Public Float,,
,1-37816, , ,AA,2023-02-23,,,,,,,Entity File Number,,
,DE, , ,AA,2023-02-23,,,,,,,"Entity Incorporation, State or Country Code",,
,81-1789115, , ,AA,2023-02-23,,,,,,,Entity Tax Identification Number,,
,201 Isabella Street, , ,AA,2023-02-23,,,,,,,"Entity Address, Address Line One",,
,Suite 500, , ,AA,2023-02-23,,,,,,,"Entity Address, Address Line Two",,
,Pittsburgh, , ,AA,2023-02-23,,,,,,,"Entity Address, City or Town",,
,PA, , ,AA,2023-02-23,,,,,,,"Entity Address, State or Province",,
,15212-5858, , ,AA,2023-02-23,,,,,,,"Entity Address, Postal Zip Code",,
,412, , ,AA,2023-02-23,,,,,,,City Area Code,,
,315-2900, , ,AA,2023-02-23,,,,,,,Local Phone Number,,
,Yes, , ,AA,2023-02-23,,,,,,,Entity Interactive Data Current,,
,"Common Stock, par value $0.01 per share", , ,AA,2023-02-23,,,,,,,Title of 12(b) Security,,
,NYSE, , ,AA,2023-02-23,,,,,,,Security Exchange Name,,
,true, , ,AA,2023-02-23,,,,,,,Document Annual Report,,
,false, , ,AA,2023-02-23,,,,,,,Document Transition Report,,
,238, , ,AA,2023-02-23,,,,,,,Auditor Firm ID,,
,PricewaterhouseCoopers LLP, , ,AA,2023-02-23,,,,,,,Auditor Name,,
,"Pittsburgh, Pennsylvania", , ,AA,2023-02-23,,,,,,,Auditor Location,,
,Part III of this Form 10-K incorporates by reference certain information from the registrant’s Definitive Proxy Statement for its 2023 Annual Meeting of Stockholders to be filed pursuant to Regulation 14A., , ,AA,2023-02-23,,,,,,,Documents Incorporated by Reference,,
,"Dec. 31, 2023","Feb. 16, 2024","Jun. 30, 2023",AA,2024-02-21,,,,,,,,,
, , , ,AA,2024-02-21,,,,,,,Cover [Abstract],,
,10-K, , ,AA,2024-02-21,,,,,,,Document Type,,
,false, , ,AA,2024-02-21,,,,,,,Amendment Flag,,
,"Dec. 31,  2023", , ,AA,2024-02-21,,,,,,,Document Period End Date,,
,2023, , ,AA,2024-02-21,,,,,,,Document Fiscal Year Focus,,
,FY, , ,AA,2024-02-21,,,,,,,Document Fiscal Period Focus,,
,AA, , ,AA,2024-02-21,,,,,,,Trading Symbol,,
,ALCOA CORP, , ,AA,2024-02-21,,,,,,,Entity Registrant Name,,
,0001675149, , ,AA,2024-02-21,,,,,,,Entity Central Index Key,,
,--12-31, , ,AA,2024-02-21,,,,,,,Current Fiscal Year End Date,,
,Yes, , ,AA,2024-02-21,,,,,,,Entity Well-known Seasoned Issuer,,
,Yes, , ,AA,2024-02-21,,,,,,,Entity Current Reporting Status,,
,No, , ,AA,2024-02-21,,,,,,,Entity Voluntary Filers,,
,Large Accelerated Filer, , ,AA,2024-02-21,,,,,,,Entity Filer Category,,
,false, , ,AA,2024-02-21,,,,,,,Entity Small Business,,
,false, , ,AA,2024-02-21,,,,,,,Entity Emerging Growth Company,,
,true, , ,AA,2024-02-21,,,,,,,ICFR Auditor Attestation Flag,,
,false, , ,AA,2024-02-21,,,,,,,Document Financial Statement Error Correction [Flag],,
,false, , ,AA,2024-02-21,,,,,,,Entity Shell Company,,
, ,179558990, ,AA,2024-02-21,,,,,,,"Entity Common Stock, Shares Outstanding",,
, , ,6,AA,2024-02-21,,,,,,,Entity Public Float,,
,1-37816, , ,AA,2024-02-21,,,,,,,Entity File Number,,
,DE, , ,AA,2024-02-21,,,,,,,"Entity Incorporation, State or Country Code",,
,81-1789115, , ,AA,2024-02-21,,,,,,,Entity Tax Identification Number,,
,201 Isabella Street, , ,AA,2024-02-21,,,,,,,"Entity Address, Address Line One",,
,Suite 500, , ,AA,2024-02-21,,,,,,,"Entity Address, Address Line Two",,
,Pittsburgh, , ,AA,2024-02-21,,,,,,,"Entity Address, City or Town",,
,PA, , ,AA,2024-02-21,,,,,,,"Entity Address, State or Province",,
,15212-5858, , ,AA,2024-02-21,,,,,,,"Entity Address, Postal Zip Code",,
,412, , ,AA,2024-02-21,,,,,,,City Area Code,,
,315-2900, , ,AA,2024-02-21,,,,,,,Local Phone Number,,
,Yes, , ,AA,2024-02-21,,,,,,,Entity Interactive Data Current,,
,"Common Stock, par value $0.01 per share", , ,AA,2024-02-21,,,,,,,Title of 12(b) Security,,
,NYSE, , ,AA,2024-02-21,,,,,,,Security Exchange Name,,
,true, , ,AA,2024-02-21,,,,,,,Document Annual Report,,
,false, , ,AA,2024-02-21,,,,,,,Document Transition Report,,
,238, , ,AA,2024-02-21,,,,,,,Auditor Firm ID,,
,PricewaterhouseCoopers LLP, , ,AA,2024-02-21,,,,,,,Auditor Name,,
,"Pittsburgh, Pennsylvania", , ,AA,2024-02-21,,,,,,,Auditor Location,,
,Part III of this Form 10-K incorporates by reference certain information from the registrant’s Definitive Proxy Statement for its 2024 Annual Meeting of Stockholders to be filed pursuant to Regulation 14A., , ,AA,2024-02-21,,,,,,,Documents Incorporated by Reference,,
,"Dec. 31, 2024","Feb. 14, 2025","Jun. 28, 2024",AA,2025-02-20,,,,,,,,,
, , , ,AA,2025-02-20,,,,,,,Document Information [Line Items],,
,10-K, , ,AA,2025-02-20,,,,,,,Document Type,,
,"Dec. 31,  2024", , ,AA,2025-02-20,,,,,,,Document Period End Date,,
,false, , ,AA,2025-02-20,,,,,,,Amendment Flag,,
,2024, , ,AA,2025-02-20,,,,,,,Document Fiscal Year Focus,,
,FY, , ,AA,2025-02-20,,,,,,,Document Fiscal Period Focus,,
,AA, , ,AA,2025-02-20,,,,,,,Trading Symbol,,
,ALCOA CORP, , ,AA,2025-02-20,,,,,,,Entity Registrant Name,,
,0001675149, , ,AA,2025-02-20,,,,,,,Entity Central Index Key,,
,--12-31, , ,AA,2025-02-20,,,,,,,Current Fiscal Year End Date,,
,Yes, , ,AA,2025-02-20,,,,,,,Entity Well-known Seasoned Issuer,,
,Yes, , ,AA,2025-02-20,,,,,,,Entity Current Reporting Status,,
,No, , ,AA,2025-02-20,,,,,,,Entity Voluntary Filers,,
,Large Accelerated Filer, , ,AA,2025-02-20,,,,,,,Entity Filer Category,,
,false, , ,AA,2025-02-20,,,,,,,Entity Small Business,,
,false, , ,AA,2025-02-20,,,,,,,Entity Emerging Growth Company,,
,true, , ,AA,2025-02-20,,,,,,,ICFR Auditor Attestation Flag,,
,false, , ,AA,2025-02-20,,,,,,,Document Financial Statement Error Correction [Flag],,
,false, , ,AA,2025-02-20,,,,,,,Entity Shell Company,,
, , ,7.1,AA,2025-02-20,,,,,,,Entity Public Float,,
,1-37816, , ,AA,2025-02-20,,,,,,,Entity File Number,,
,DE, , ,AA,2025-02-20,,,,,,,"Entity Incorporation, State or Country Code",,
,81-1789115, , ,AA,2025-02-20,,,,,,,Entity Tax Identification Number,,
,201 Isabella Street, , ,AA,2025-02-20,,,,,,,"Entity Address, Address Line One",,
,Suite 500, , ,AA,2025-02-20,,,,,,,"Entity Address, Address Line Two",,
,Pittsburgh, , ,AA,2025-02-20,,,,,,,"Entity Address, City or Town",,
,PA, , ,AA,2025-02-20,,,,,,,"Entity Address, State or Province",,
,15212-5858, , ,AA,2025-02-20,,,,,,,"Entity Address, Postal Zip Code",,
,412, , ,AA,2025-02-20,,,,,,,City Area Code,,
,315-2900, , ,AA,2025-02-20,,,,,,,Local Phone Number,,
,Yes, , ,AA,2025-02-20,,,,,,,Entity Interactive Data Current,,
,"Common Stock, par value $0.01 per share", , ,AA,2025-02-20,,,,,,,Title of 12(b) Security,,
,NYSE, , ,AA,2025-02-20,,,,,,,Security Exchange Name,,
,true, , ,AA,2025-02-20,,,,,,,Document Annual Report,,
,false, , ,AA,2025-02-20,,,,,,,Document Transition Report,,
,238, , ,AA,2025-02-20,,,,,,,Auditor Firm ID,,
,PricewaterhouseCoopers LLP, , ,AA,2025-02-20,,,,,,,Auditor Name,,
,"Pittsburgh, Pennsylvania", , ,AA,2025-02-20,,,,,,,Auditor Location,,
,Part III of this Form 10-K incorporates by reference certain information from the registrant’s Definitive Proxy Statement for its 2025 Annual Meeting of Stockholders to be filed pursuant to Regulation 14A., , ,AA,2025-02-20,,,,,,,Documents Incorporated by Reference,,
,"Opinions on the Financial Statements and Internal Control over Financial Reporting We have audited the accompanying consolidated balance sheets of Alcoa Corporation and its subsidiaries (the “Company”) as of December 31, 2024 and 2023, and the related consolidated statements of operations, comprehensive income, changes in equity and cash flows for each of the three years in the period ended December 31, 2024, including the related notes (collectively referred to as the “consolidated financial statements”). We also have audited the Company’s internal control over financial reporting as of December 31, 2024, based on criteria established in Internal Control—Integrated Framework (2013) issued by the Committee of Sponsoring Organizations of the Treadway Commission (COSO). In our opinion, the consolidated financial statements referred to above present fairly, in all material respects, the financial position of the Company as of December 31, 2024 and 2023, and the results of its operations and its cash flows for each of the three years in the period ended December 31, 2024 in conformity with accounting principles generally accepted in the United States of America. Also in our opinion, the Company maintained, in all material respects, effective internal control over financial reporting as of December 31, 2024, based on criteria established in Internal Control—Integrated Framework (2013) issued by the COSO.", , ,AA,2025-02-20,,,,,,,Auditor Opinion,,
, , , ,AA,2025-02-20,,,,,,,"Common Stock, Par Value $0.01 Per Share {Member]",,
, ,258884337, ,AA,2025-02-20,,,,,,,"Entity Common Stock, Shares Outstanding",,
, , , ,AA,2025-02-20,,,,,,,"Series A Convertible Preferred Stock, Par Value $0.01 Per Share [Member]",,
, ,4041989, ,AA,2025-02-20,,,,,,,"Entity Common Stock, Shares Outstanding",,
,"Dec. 31, 2023","Feb. 23, 2024","Jun. 30, 2023",AACT,2024-02-28,,,,,,,,,
Document Information [Line Items], , , ,AACT,2024-02-28,,,,,,,,,
Document Type,10-K, , ,AACT,2024-02-28,,,,,,,,,
Document Annual Report,true, , ,AACT,2024-02-28,,,,,,,,,
Document Period End Date,"Dec. 31,  2023", , ,AACT,2024-02-28,,,,,,,,,
Current Fiscal Year End Date,--12-31, , ,AACT,2024-02-28,,,,,,,,,
Document Transition Report,false, , ,AACT,2024-02-28,,,,,,,,,
Entity File Number,001-41691, , ,AACT,2024-02-28,,,,,,,,,
Entity Registrant Name,ARES ACQUISITION CORPORATION II, , ,AACT,2024-02-28,,,,,,,,,
"Entity Incorporation, State or Country Code",E9, , ,AACT,2024-02-28,,,,,,,,,
Entity Tax Identification Number,98-1592112, , ,AACT,2024-02-28,,,,,,,,,
"Entity Address, Address Line One",245 Park Avenue, , ,AACT,2024-02-28,,,,,,,,,
"Entity Address, Address Line Two",44th Floor, , ,AACT,2024-02-28,,,,,,,,,
"Entity Address, City or Town",New York, , ,AACT,2024-02-28,,,,,,,,,
"Entity Address, State or Province",NY, , ,AACT,2024-02-28,,,,,,,,,
"Entity Address, Postal Zip Code",10167, , ,AACT,2024-02-28,,,,,,,,,
City Area Code,310, , ,AACT,2024-02-28,,,,,,,,,
Local Phone Number,201-4100, , ,AACT,2024-02-28,,,,,,,,,
Entity Well-known Seasoned Issuer,No, , ,AACT,2024-02-28,,,,,,,,,
Entity Voluntary Filers,No, , ,AACT,2024-02-28,,,,,,,,,
Entity Current Reporting Status,Yes, , ,AACT,2024-02-28,,,,,,,,,
Entity Interactive Data Current,Yes, , ,AACT,2024-02-28,,,,,,,,,
Entity Filer Category,Non-accelerated Filer, , ,AACT,2024-02-28,,,,,,,,,
Entity Small Business,true, , ,AACT,2024-02-28,,,,,,,,,
Entity Emerging Growth Company,true, , ,AACT,2024-02-28,,,,,,,,,
Entity Ex Transition Period,false, , ,AACT,2024-02-28,,,,,,,,,
ICFR Auditor Attestation Flag,false, , ,AACT,2024-02-28,,,,,,,,,
Document Financial Statement Error Correction [Flag],false, , ,AACT,2024-02-28,,,,,,,,,
Entity Shell Company,true, , ,AACT,2024-02-28,,,,,,,,,
Entity Public Float, , ,508000000,AACT,2024-02-28,,,,,,,,,
Entity Central Index Key,0001853138, , ,AACT,2024-02-28,,,,,,,,,
Document Fiscal Year Focus,2023, , ,AACT,2024-02-28,,,,,,,,,
Document Fiscal Period Focus,FY, , ,AACT,2024-02-28,,,,,,,,,
Amendment Flag,false, , ,AACT,2024-02-28,,,,,,,,,
"Units, each consisting of one Class A Ordinary Share, $0.0001 par value, and one-half of one redeemable warrant", , , ,AACT,2024-02-28,,,,,,,,,
Title of 12(b) Security,"Units, each consisting of one Class A Ordinary Share, $0.0001 par value, and one-half of one redeemable warrant", , ,AACT,2024-02-28,,,,,,,,,
Trading Symbol,AACT.U, , ,AACT,2024-02-28,,,,,,,,,
Security Exchange Name,NYSE, , ,AACT,2024-02-28,,,,,,,,,
Class A Ordinary Shares, , , ,AACT,2024-02-28,,,,,,,,,
Title of 12(b) Security,Class A Ordinary Shares, , ,AACT,2024-02-28,,,,,,,,,
Trading Symbol,AACT, , ,AACT,2024-02-28,,,,,,,,,
"Redeemable warrants, each whole warrant exercisable for one Class A Ordinary Share at an exercise price of $11.50", , , ,AACT,2024-02-28,,,,,,,,,
Title of 12(b) Security,"Redeemable warrants, each whole warrant exercisable for one Class A Ordinary Share at an exercise price of $11.50", , ,AACT,2024-02-28,,,,,,,,,
Trading Symbol,AACT WS, , ,AACT,2024-02-28,,,,,,,,,
Common Class A, , , ,AACT,2024-02-28,,,,,,,,,
"Entity Common Stock, Shares Outstanding", ,50000000, ,AACT,2024-02-28,,,,,,,,,
Common Class B, , , ,AACT,2024-02-28,,,,,,,,,
"Entity Common Stock, Shares Outstanding", ,12500000, ,AACT,2024-02-28,,,,,,,,,
,"Dec. 31, 2024","Mar. 06, 2025","Jun. 30, 2024",AACT,2025-03-12,,,,,,,,,
Document Information [Line Items], , , ,AACT,2025-03-12,,,,,,,,,
Document Type,10-K, , ,AACT,2025-03-12,,,,,,,,,
Document Annual Report,true, , ,AACT,2025-03-12,,,,,,,,,
Document Period End Date,"Dec. 31,  2024", , ,AACT,2025-03-12,,,,,,,,,
Current Fiscal Year End Date,--12-31, , ,AACT,2025-03-12,,,,,,,,,
Document Transition Report,false, , ,AACT,2025-03-12,,,,,,,,,
Entity File Number,001-41691, , ,AACT,2025-03-12,,,,,,,,,
Entity Registrant Name,ARES ACQUISITION CORPORATION II, , ,AACT,2025-03-12,,,,,,,,,
"Entity Incorporation, State or Country Code",E9, , ,AACT,2025-03-12,,,,,,,,,
Entity Tax Identification Number,98-1592112, , ,AACT,2025-03-12,,,,,,,,,
"Entity Address, Address Line One",245 Park Avenue, , ,AACT,2025-03-12,,,,,,,,,
"Entity Address, Address Line Two",44th Floor, , ,AACT,2025-03-12,,,,,,,,,
"Entity Address, City or Town",New York, , ,AACT,2025-03-12,,,,,,,,,
"Entity Address, State or Province",NY, , ,AACT,2025-03-12,,,,,,,,,
"Entity Address, Postal Zip Code",10167, , ,AACT,2025-03-12,,,,,,,,,
City Area Code,310, , ,AACT,2025-03-12,,,,,,,,,
Local Phone Number,201-4100, , ,AACT,2025-03-12,,,,,,,,,
Entity Well-known Seasoned Issuer,No, , ,AACT,2025-03-12,,,,,,,,,
Entity Voluntary Filers,No, , ,AACT,2025-03-12,,,,,,,,,
Entity Current Reporting Status,Yes, , ,AACT,2025-03-12,,,,,,,,,
Entity Interactive Data Current,Yes, , ,AACT,2025-03-12,,,,,,,,,
Entity Filer Category,Non-accelerated Filer, , ,AACT,2025-03-12,,,,,,,,,
Entity Small Business,true, , ,AACT,2025-03-12,,,,,,,,,
Entity Emerging Growth Company,true, , ,AACT,2025-03-12,,,,,,,,,
Entity Ex Transition Period,false, , ,AACT,2025-03-12,,,,,,,,,
ICFR Auditor Attestation Flag,false, , ,AACT,2025-03-12,,,,,,,,,
Document Financial Statement Error Correction [Flag],false, , ,AACT,2025-03-12,,,,,,,,,
Entity Shell Company,true, , ,AACT,2025-03-12,,,,,,,,,
Entity Public Float, , ,533500000,AACT,2025-03-12,,,,,,,,,
Entity Central Index Key,0001853138, , ,AACT,2025-03-12,,,,,,,,,
Document Fiscal Year Focus,2024, , ,AACT,2025-03-12,,,,,,,,,
Document Fiscal Period Focus,FY, , ,AACT,2025-03-12,,,,,,,,,
Amendment Flag,false, , ,AACT,2025-03-12,,,,,,,,,
"Units, each consisting of one Class A Ordinary Share, $0.0001 par value, and one-half of one redeemable warrant", , , ,AACT,2025-03-12,,,,,,,,,
Title of 12(b) Security,"Units, each consisting of one Class A Ordinary Share, $0.0001 par value, and one-half of one redeemable warrant", , ,AACT,2025-03-12,,,,,,,,,
Trading Symbol,AACT.U, , ,AACT,2025-03-12,,,,,,,,,
Security Exchange Name,NYSE, , ,AACT,2025-03-12,,,,,,,,,
Class A Ordinary Shares, , , ,AACT,2025-03-12,,,,,,,,,
Title of 12(b) Security,Class A Ordinary Shares, , ,AACT,2025-03-12,,,,,,,,,
Trading Symbol,AACT, , ,AACT,2025-03-12,,,,,,,,,
"Redeemable warrants, each whole warrant exercisable for one Class A Ordinary Share at an exercise price of $11.50", , , ,AACT,2025-03-12,,,,,,,,,
Title of 12(b) Security,"Redeemable warrants, each whole warrant exercisable for one Class A Ordinary Share at an exercise price of $11.50", , ,AACT,2025-03-12,,,,,,,,,
Trading Symbol,AACT WS, , ,AACT,2025-03-12,,,,,,,,,
Common Class A, , , ,AACT,2025-03-12,,,,,,,,,
"Entity Common Stock, Shares Outstanding", ,50000000, ,AACT,2025-03-12,,,,,,,,,
Common Class B, , , ,AACT,2025-03-12,,,,,,,,,
"Entity Common Stock, Shares Outstanding", ,12500000, ,AACT,2025-03-12,,,,,,,,,
,"Dec. 31, 2019","Mar. 09, 2020","Jun. 28, 2019",AADI,2020-03-16,,,,,,,,,
,,,,AADI,2020-03-16,Cover [Abstract],,,,,,,,
,10-K,,,AADI,2020-03-16,Document Type,,,,,,,,
,false,,,AADI,2020-03-16,Amendment Flag,,,,,,,,
,--12-31,,,AADI,2020-03-16,Current Fiscal Year End Date,,,,,,,,
,"Dec. 31,
		2019",,,AADI,2020-03-16,Document Period End Date,,,,,,,,
,2019,,,AADI,2020-03-16,Document Fiscal Year Focus,,,,,,,,
,FY,,,AADI,2020-03-16,Document Fiscal Period Focus,,,,,,,,
,ARPO,,,AADI,2020-03-16,Trading Symbol,,,,,,,,
,No,,,AADI,2020-03-16,Entity Well Known Seasoned Issuer,,,,,,,,
,Non-accelerated Filer,,,AADI,2020-03-16,Entity Filer Category,,,,,,,,
,true,,,AADI,2020-03-16,Entity Small Business,,,,,,,,
,true,,,AADI,2020-03-16,Entity Emerging Growth Company,,,,,,,,
,true,,,AADI,2020-03-16,Entity Ex Transition Period,,,,,,,,
,"Aerpio Pharmaceuticals, Inc.",,,AADI,2020-03-16,Entity Registrant Name,,,,,,,,
,0001422142,,,AADI,2020-03-16,Entity Central Index Key,,,,,,,,
,,,25975518,AADI,2020-03-16,Entity Public Float,,,,,,,,
,,40588004,,AADI,2020-03-16,"Entity Common Stock, Shares Outstanding",,,,,,,,
,false,,,AADI,2020-03-16,Entity Shell Company,,,,,,,,
,No,,,AADI,2020-03-16,Entity Voluntary Filers,,,,,,,,
,Yes,,,AADI,2020-03-16,Entity Current Reporting Status,,,,,,,,
,001-38560,,,AADI,2020-03-16,Entity File Number,,,,,,,,
,61-1547850,,,AADI,2020-03-16,Entity Tax Identification Number,,,,,,,,
,9987 Carver Road,,,AADI,2020-03-16,"Entity Address, Address Line One",,,,,,,,
,Cincinnati,,,AADI,2020-03-16,"Entity Address, City or Town",,,,,,,,
,OH,,,AADI,2020-03-16,"Entity Address, State or Province",,,,,,,,
,45242,,,AADI,2020-03-16,"Entity Address, Postal Zip Code",,,,,,,,
,513,,,AADI,2020-03-16,City Area Code,,,,,,,,
,985-1920,,,AADI,2020-03-16,Local Phone Number,,,,,,,,
,Yes,,,AADI,2020-03-16,Entity Interactive Data Current,,,,,,,,
,"Common stock, $0.0001 par value per share",,,AADI,2020-03-16,Title of 12(b) Security,,,,,,,,
,NASDAQ,,,AADI,2020-03-16,Security Exchange Name,,,,,,,,
,DE,,,AADI,2020-03-16,"Entity Incorporation, State or Country Code",,,,,,,,
,true,,,AADI,2020-03-16,Document Annual Report,,,,,,,,
,false,,,AADI,2020-03-16,Document Transition Report,,,,,,,,
,"Portions of the registrant’s Definitive Proxy Statement relating to the Annual Meeting of Shareholders are incorporated by reference into Part III of this Report. Such Proxy Statement will be filed with the Securities and Exchange Commission within 120 days of the registrant's fiscal year ended December 31, 2019.",,,AADI,2020-03-16,Documents Incorporated by Reference,,,,,,,,
,"Dec. 31, 2020","Mar. 08, 2021","Jun. 30, 2020",AADI,2021-03-11,,,,,,,,,
,,,,AADI,2021-03-11,Cover [Abstract],,,,,,,,
,10-K,,,AADI,2021-03-11,Document Type,,,,,,,,
,false,,,AADI,2021-03-11,Amendment Flag,,,,,,,,
,--12-31,,,AADI,2021-03-11,Current Fiscal Year End Date,,,,,,,,
,"Dec. 31,
		2020",,,AADI,2021-03-11,Document Period End Date,,,,,,,,
,2020,,,AADI,2021-03-11,Document Fiscal Year Focus,,,,,,,,
,FY,,,AADI,2021-03-11,Document Fiscal Period Focus,,,,,,,,
,ARPO,,,AADI,2021-03-11,Trading Symbol,,,,,,,,
,No,,,AADI,2021-03-11,Entity Well Known Seasoned Issuer,,,,,,,,
,Non-accelerated Filer,,,AADI,2021-03-11,Entity Filer Category,,,,,,,,
,true,,,AADI,2021-03-11,Entity Small Business,,,,,,,,
,true,,,AADI,2021-03-11,Entity Emerging Growth Company,,,,,,,,
,true,,,AADI,2021-03-11,Entity Ex Transition Period,,,,,,,,
,"Aerpio Pharmaceuticals, Inc.",,,AADI,2021-03-11,Entity Registrant Name,,,,,,,,
,0001422142,,,AADI,2021-03-11,Entity Central Index Key,,,,,,,,
,,,49213310,AADI,2021-03-11,Entity Public Float,,,,,,,,
,,47313338,,AADI,2021-03-11,"Entity Common Stock, Shares Outstanding",,,,,,,,
,false,,,AADI,2021-03-11,Entity Shell Company,,,,,,,,
,No,,,AADI,2021-03-11,Entity Voluntary Filers,,,,,,,,
,Yes,,,AADI,2021-03-11,Entity Current Reporting Status,,,,,,,,
,001-38560,,,AADI,2021-03-11,Entity File Number,,,,,,,,
,61-1547850,,,AADI,2021-03-11,Entity Tax Identification Number,,,,,,,,
,9987 Carver Road,,,AADI,2021-03-11,"Entity Address, Address Line One",,,,,,,,
,Cincinnati,,,AADI,2021-03-11,"Entity Address, City or Town",,,,,,,,
,OH,,,AADI,2021-03-11,"Entity Address, State or Province",,,,,,,,
,45242,,,AADI,2021-03-11,"Entity Address, Postal Zip Code",,,,,,,,
,513,,,AADI,2021-03-11,City Area Code,,,,,,,,
,985-1920,,,AADI,2021-03-11,Local Phone Number,,,,,,,,
,Yes,,,AADI,2021-03-11,Entity Interactive Data Current,,,,,,,,
,"Common stock, $0.0001 par value per share",,,AADI,2021-03-11,Title of 12(b) Security,,,,,,,,
,NASDAQ,,,AADI,2021-03-11,Security Exchange Name,,,,,,,,
,DE,,,AADI,2021-03-11,"Entity Incorporation, State or Country Code",,,,,,,,
,true,,,AADI,2021-03-11,Document Annual Report,,,,,,,,
,false,,,AADI,2021-03-11,Document Transition Report,,,,,,,,
,false,,,AADI,2021-03-11,ICFR Auditor Attestation Flag,,,,,,,,
,"Dec. 31, 2021","Mar. 11, 2022","Jun. 30, 2021",AADI,2022-03-17,,,,,,,,,
,,,,AADI,2022-03-17,Cover [Abstract],,,,,,,,
,10-K,,,AADI,2022-03-17,Document Type,,,,,,,,
,false,,,AADI,2022-03-17,Amendment Flag,,,,,,,,
,--12-31,,,AADI,2022-03-17,Current Fiscal Year End Date,,,,,,,,
,"Dec. 31,
		2021",,,AADI,2022-03-17,Document Period End Date,,,,,,,,
,2021,,,AADI,2022-03-17,Document Fiscal Year Focus,,,,,,,,
,FY,,,AADI,2022-03-17,Document Fiscal Period Focus,,,,,,,,
,AADI,,,AADI,2022-03-17,Trading Symbol,,,,,,,,
,No,,,AADI,2022-03-17,Entity Well Known Seasoned Issuer,,,,,,,,
,Non-accelerated Filer,,,AADI,2022-03-17,Entity Filer Category,,,,,,,,
,true,,,AADI,2022-03-17,Entity Small Business,,,,,,,,
,true,,,AADI,2022-03-17,Entity Emerging Growth Company,,,,,,,,
,true,,,AADI,2022-03-17,Entity Ex Transition Period,,,,,,,,
,"AADI BIOSCIENCE, INC.",,,AADI,2022-03-17,Entity Registrant Name,,,,,,,,
,0001422142,,,AADI,2022-03-17,Entity Central Index Key,,,,,,,,
,,,60377007,AADI,2022-03-17,Entity Public Float,,,,,,,,
,,20929715,,AADI,2022-03-17,"Entity Common Stock, Shares Outstanding",,,,,,,,
,false,,,AADI,2022-03-17,Entity Shell Company,,,,,,,,
,No,,,AADI,2022-03-17,Entity Voluntary Filers,,,,,,,,
,Yes,,,AADI,2022-03-17,Entity Current Reporting Status,,,,,,,,
,001-38560,,,AADI,2022-03-17,Entity File Number,,,,,,,,
,61-1547850,,,AADI,2022-03-17,Entity Tax Identification Number,,,,,,,,
,17383 Sunset Boulevard,,,AADI,2022-03-17,"Entity Address, Address Line One",,,,,,,,
,Suite A250,,,AADI,2022-03-17,"Entity Address, Address Line Two",,,,,,,,
,Pacific Palisades,,,AADI,2022-03-17,"Entity Address, City or Town",,,,,,,,
,CA,,,AADI,2022-03-17,"Entity Address, State or Province",,,,,,,,
,90272,,,AADI,2022-03-17,"Entity Address, Postal Zip Code",,,,,,,,
,424,,,AADI,2022-03-17,City Area Code,,,,,,,,
,473-8055,,,AADI,2022-03-17,Local Phone Number,,,,,,,,
,Yes,,,AADI,2022-03-17,Entity Interactive Data Current,,,,,,,,
,"Common stock, $0.0001 par value per share",,,AADI,2022-03-17,Title of 12(b) Security,,,,,,,,
,NASDAQ,,,AADI,2022-03-17,Security Exchange Name,,,,,,,,
,DE,,,AADI,2022-03-17,"Entity Incorporation, State or Country Code",,,,,,,,
,true,,,AADI,2022-03-17,Document Annual Report,,,,,,,,
,false,,,AADI,2022-03-17,Document Transition Report,,,,,,,,
,false,,,AADI,2022-03-17,ICFR Auditor Attestation Flag,,,,,,,,
,243,,,AADI,2022-03-17,Auditor Firm ID,,,,,,,,
,"BDO USA, LLP",,,AADI,2022-03-17,Auditor Name,,,,,,,,
,"San Diego, California",,,AADI,2022-03-17,Auditor Location,,,,,,,,
,"Dec. 31, 2022","Mar. 23, 2023","Jun. 30, 2022",AADI,2023-03-28,,,,,,,,,
, , , ,AADI,2023-03-28,,Cover [Abstract],,,,,,,
,10-K, , ,AADI,2023-03-28,,Document Type,,,,,,,
,true, , ,AADI,2023-03-28,,Document Annual Report,,,,,,,
,"Dec. 31,  2022", , ,AADI,2023-03-28,,Document Period End Date,,,,,,,
,--12-31, , ,AADI,2023-03-28,,Current Fiscal Year End Date,,,,,,,
,false, , ,AADI,2023-03-28,,Document Transition Report,,,,,,,
,001-38560, , ,AADI,2023-03-28,,Entity File Number,,,,,,,
,"AADI BIOSCIENCE, INC.", , ,AADI,2023-03-28,,Entity Registrant Name,,,,,,,
,DE, , ,AADI,2023-03-28,,"Entity Incorporation, State or Country Code",,,,,,,
,61-1547850, , ,AADI,2023-03-28,,Entity Tax Identification Number,,,,,,,
,17383 Sunset Boulevard, , ,AADI,2023-03-28,,"Entity Address, Address Line One",,,,,,,
,Suite A250, , ,AADI,2023-03-28,,"Entity Address, Address Line Two",,,,,,,
,Pacific Palisades, , ,AADI,2023-03-28,,"Entity Address, City or Town",,,,,,,
,CA, , ,AADI,2023-03-28,,"Entity Address, State or Province",,,,,,,
,90272, , ,AADI,2023-03-28,,"Entity Address, Postal Zip Code",,,,,,,
,424, , ,AADI,2023-03-28,,City Area Code,,,,,,,
,744-8055, , ,AADI,2023-03-28,,Local Phone Number,,,,,,,
,"Common stock, $0.0001 par value per share", , ,AADI,2023-03-28,,Title of 12(b) Security,,,,,,,
,AADI, , ,AADI,2023-03-28,,Trading Symbol,,,,,,,
,NASDAQ, , ,AADI,2023-03-28,,Security Exchange Name,,,,,,,
,No, , ,AADI,2023-03-28,,Entity Well Known Seasoned Issuer,,,,,,,
,No, , ,AADI,2023-03-28,,Entity Voluntary Filers,,,,,,,
,Yes, , ,AADI,2023-03-28,,Entity Current Reporting Status,,,,,,,
,Yes, , ,AADI,2023-03-28,,Entity Interactive Data Current,,,,,,,
,Non-accelerated Filer, , ,AADI,2023-03-28,,Entity Filer Category,,,,,,,
,false, , ,AADI,2023-03-28,,Entity Emerging Growth Company,,,,,,,
,true, , ,AADI,2023-03-28,,Entity Small Business,,,,,,,
,false, , ,AADI,2023-03-28,,ICFR Auditor Attestation Flag,,,,,,,
,false, , ,AADI,2023-03-28,,Entity Shell Company,,,,,,,
, , ,177896069,AADI,2023-03-28,,Entity Public Float,,,,,,,
, ,24436990, ,AADI,2023-03-28,,"Entity Common Stock, Shares Outstanding",,,,,,,
,DOCUMENTS INCORPORATED BY REFERENCE Portions of the Registrant’s definitive Proxy Statement relating to its 2023 Annual Meeting of Stockholders to be filed with the Securities and Exchange Commission pursuant to Regulation 14A not later than 120 days after the end of the fiscal year covered by this Annual Report on Form 10-K are incorporated herein by reference in Part III of this Annual Report on Form 10-K where indicated., , ,AADI,2023-03-28,,Documents Incorporated by Reference,,,,,,,
,false, , ,AADI,2023-03-28,,Amendment Flag,,,,,,,
,2022, , ,AADI,2023-03-28,,Document Fiscal Year Focus,,,,,,,
,FY, , ,AADI,2023-03-28,,Document Fiscal Period Focus,,,,,,,
,0001422142, , ,AADI,2023-03-28,,Entity Central Index Key,,,,,,,
,"Dec. 31, 2023","Mar. 08, 2024","Jun. 30, 2023",AADI,2024-03-13,,,,,,,,,
, , , ,AADI,2024-03-13,,,Cover [Abstract],,,,,,
,10-K, , ,AADI,2024-03-13,,,Document Type,,,,,,
,true, , ,AADI,2024-03-13,,,Document Annual Report,,,,,,
,"Dec. 31,  2023", , ,AADI,2024-03-13,,,Document Period End Date,,,,,,
,--12-31, , ,AADI,2024-03-13,,,Current Fiscal Year End Date,,,,,,
,false, , ,AADI,2024-03-13,,,Document Transition Report,,,,,,
,001-38560, , ,AADI,2024-03-13,,,Entity File Number,,,,,,
,"AADI BIOSCIENCE, INC.", , ,AADI,2024-03-13,,,Entity Registrant Name,,,,,,
,DE, , ,AADI,2024-03-13,,,"Entity Incorporation, State or Country Code",,,,,,
,61-1547850, , ,AADI,2024-03-13,,,Entity Tax Identification Number,,,,,,
,17383 Sunset Boulevard, , ,AADI,2024-03-13,,,"Entity Address, Address Line One",,,,,,
,Suite A250, , ,AADI,2024-03-13,,,"Entity Address, Address Line Two",,,,,,
,Pacific Palisades, , ,AADI,2024-03-13,,,"Entity Address, City or Town",,,,,,
,CA, , ,AADI,2024-03-13,,,"Entity Address, State or Province",,,,,,
,90272, , ,AADI,2024-03-13,,,"Entity Address, Postal Zip Code",,,,,,
,424, , ,AADI,2024-03-13,,,City Area Code,,,,,,
,744-8055, , ,AADI,2024-03-13,,,Local Phone Number,,,,,,
,"Common stock, $0.0001 par value per share", , ,AADI,2024-03-13,,,Title of 12(b) Security,,,,,,
,AADI, , ,AADI,2024-03-13,,,Trading Symbol,,,,,,
,NASDAQ, , ,AADI,2024-03-13,,,Security Exchange Name,,,,,,
,No, , ,AADI,2024-03-13,,,Entity Well Known Seasoned Issuer,,,,,,
,No, , ,AADI,2024-03-13,,,Entity Voluntary Filers,,,,,,
,Yes, , ,AADI,2024-03-13,,,Entity Current Reporting Status,,,,,,
,Yes, , ,AADI,2024-03-13,,,Entity Interactive Data Current,,,,,,
,Non-accelerated Filer, , ,AADI,2024-03-13,,,Entity Filer Category,,,,,,
,false, , ,AADI,2024-03-13,,,Entity Emerging Growth Company,,,,,,
,true, , ,AADI,2024-03-13,,,Entity Small Business,,,,,,
,false, , ,AADI,2024-03-13,,,ICFR Auditor Attestation Flag,,,,,,
,false, , ,AADI,2024-03-13,,,Document Financial Statement Error Correction [Flag],,,,,,
,false, , ,AADI,2024-03-13,,,Entity Shell Company,,,,,,
, , ,110.8,AADI,2024-03-13,,,Entity Public Float,,,,,,
, ,24554205, ,AADI,2024-03-13,,,"Entity Common Stock, Shares Outstanding",,,,,,
,Portions of the Registrant’s definitive Proxy Statement relating to its 2024 Annual Meeting of Stockholders to be filed with the Securities and Exchange Commission pursuant to Regulation 14A not later than 120 days after the end of the fiscal year covered by this Annual Report on Form 10-K are incorporated herein by reference in Part III of this Annual Report on Form 10-K where indicated., , ,AADI,2024-03-13,,,Documents Incorporated by Reference,,,,,,
,false, , ,AADI,2024-03-13,,,Amendment Flag,,,,,,
,2023, , ,AADI,2024-03-13,,,Document Fiscal Year Focus,,,,,,
,FY, , ,AADI,2024-03-13,,,Document Fiscal Period Focus,,,,,,
,0001422142, , ,AADI,2024-03-13,,,Entity Central Index Key,,,,,,
,"Dec. 31, 2020","Feb. 12, 2021","Jun. 30, 2020",AAL,2021-02-17,,,,,,,,,
,,,,AAL,2021-02-17,,,,Document Information [Line Items],,,,,
,10-K,,,AAL,2021-02-17,,,,Document Type,,,,,
,false,,,AAL,2021-02-17,,,,Amendment Flag,,,,,
,true,,,AAL,2021-02-17,,,,Document Annual Report,,,,,
,"Dec. 31,
		2020",,,AAL,2021-02-17,,,,Document Period End Date,,,,,
,false,,,AAL,2021-02-17,,,,Document Transition Report,,,,,
,1-8400,,,AAL,2021-02-17,,,,Entity File Number,,,,,
,American Airlines Group Inc.,,,AAL,2021-02-17,,,,Entity Registrant Name,,,,,
,0000006201,,,AAL,2021-02-17,,,,Entity Central Index Key,,,,,
,--12-31,,,AAL,2021-02-17,,,,Current Fiscal Year End Date,,,,,
,2020,,,AAL,2021-02-17,,,,Document Fiscal Year Focus,,,,,
,FY,,,AAL,2021-02-17,,,,Document Fiscal Period Focus,,,,,
,DE,,,AAL,2021-02-17,,,,"Entity Incorporation, State or Country Code",,,,,
,75-1825172,,,AAL,2021-02-17,,,,Entity Tax Identification Number,,,,,
,"1 Skyview Drive,",,,AAL,2021-02-17,,,,"Entity Address, Address Line One",,,,,
,"Fort Worth,",,,AAL,2021-02-17,,,,"Entity Address, City or Town",,,,,
,TX,,,AAL,2021-02-17,,,,"Entity Address, State or Province",,,,,
,76155,,,AAL,2021-02-17,,,,"Entity Address, Postal Zip Code",,,,,
,(817),,,AAL,2021-02-17,,,,City Area Code,,,,,
,963-1234,,,AAL,2021-02-17,,,,Local Phone Number,,,,,
,"Common Stock, $0.01 par value per share",,,AAL,2021-02-17,,,,Title of 12(b) Security,,,,,
,AAL,,,AAL,2021-02-17,,,,Trading Symbol,,,,,
,NASDAQ,,,AAL,2021-02-17,,,,Security Exchange Name,,,,,
,Yes,,,AAL,2021-02-17,,,,Entity Well-known Seasoned Issuer,,,,,
,No,,,AAL,2021-02-17,,,,Entity Voluntary Filers,,,,,
,Yes,,,AAL,2021-02-17,,,,Entity Current Reporting Status,,,,,
,Yes,,,AAL,2021-02-17,,,,Entity Interactive Data Current,,,,,
,Large Accelerated Filer,,,AAL,2021-02-17,,,,Entity Filer Category,,,,,
,false,,,AAL,2021-02-17,,,,Entity Small Business,,,,,
,false,,,AAL,2021-02-17,,,,Entity Emerging Growth Company,,,,,
,false,,,AAL,2021-02-17,,,,Entity Shell Company,,,,,
,true,,,AAL,2021-02-17,,,,ICFR Auditor Attestation Flag,,,,,
,,639675800,,AAL,2021-02-17,,,,"Entity Common Stock, Shares Outstanding",,,,,
,,,6.6,AAL,2021-02-17,,,,Entity Public Float,,,,,
,"Portions of the proxy statement related to American Airlines Group Inc.’s 2021 Annual Meeting of Stockholders, which proxy statement will be filed under the Securities Exchange Act of 1934 within 120 days of the end of American Airlines Group Inc.’s fiscal year ended December 31, 2020, are incorporated by reference into Part III of this Annual Report on Form 10-K.",,,AAL,2021-02-17,,,,Documents Incorporated by Reference,,,,,
,,,,AAL,2021-02-17,,,,"American Airlines, Inc.",,,,,
,1-2691,,,AAL,2021-02-17,,,,Entity File Number,,,,,
,"American Airlines, Inc.",,,AAL,2021-02-17,,,,Entity Registrant Name,,,,,
,0000004515,,,AAL,2021-02-17,,,,Entity Central Index Key,,,,,
,13-1502798,,,AAL,2021-02-17,,,,Entity Tax Identification Number,,,,,
,Non-accelerated Filer,,,AAL,2021-02-17,,,,Entity Filer Category,,,,,
,,1000,,AAL,2021-02-17,,,,"Entity Common Stock, Shares Outstanding",,,,,
,"Dec. 31, 2021","Feb. 18, 2022","Jun. 30, 2021",AAL,2022-02-22,,,,,,,,,
,,,,AAL,2022-02-22,,,,Document Information [Line Items],,,,,
,10-K,,,AAL,2022-02-22,,,,Document Type,,,,,
,false,,,AAL,2022-02-22,,,,Amendment Flag,,,,,
,true,,,AAL,2022-02-22,,,,Document Annual Report,,,,,
,"Dec. 31,
		2021",,,AAL,2022-02-22,,,,Document Period End Date,,,,,
,false,,,AAL,2022-02-22,,,,Document Transition Report,,,,,
,1-8400,,,AAL,2022-02-22,,,,Entity File Number,,,,,
,American Airlines Group Inc.,,,AAL,2022-02-22,,,,Entity Registrant Name,,,,,
,0000006201,,,AAL,2022-02-22,,,,Entity Central Index Key,,,,,
,--12-31,,,AAL,2022-02-22,,,,Current Fiscal Year End Date,,,,,
,2021,,,AAL,2022-02-22,,,,Document Fiscal Year Focus,,,,,
,FY,,,AAL,2022-02-22,,,,Document Fiscal Period Focus,,,,,
,DE,,,AAL,2022-02-22,,,,"Entity Incorporation, State or Country Code",,,,,
,75-1825172,,,AAL,2022-02-22,,,,Entity Tax Identification Number,,,,,
,"1 Skyview Drive,",,,AAL,2022-02-22,,,,"Entity Address, Address Line One",,,,,
,"Fort Worth,",,,AAL,2022-02-22,,,,"Entity Address, City or Town",,,,,
,TX,,,AAL,2022-02-22,,,,"Entity Address, State or Province",,,,,
,76155,,,AAL,2022-02-22,,,,"Entity Address, Postal Zip Code",,,,,
,(682),,,AAL,2022-02-22,,,,City Area Code,,,,,
,278-9000,,,AAL,2022-02-22,,,,Local Phone Number,,,,,
,Yes,,,AAL,2022-02-22,,,,Entity Well-known Seasoned Issuer,,,,,
,No,,,AAL,2022-02-22,,,,Entity Voluntary Filers,,,,,
,Yes,,,AAL,2022-02-22,,,,Entity Current Reporting Status,,,,,
,Yes,,,AAL,2022-02-22,,,,Entity Interactive Data Current,,,,,
,Large Accelerated Filer,,,AAL,2022-02-22,,,,Entity Filer Category,,,,,
,false,,,AAL,2022-02-22,,,,Entity Small Business,,,,,
,false,,,AAL,2022-02-22,,,,Entity Emerging Growth Company,,,,,
,false,,,AAL,2022-02-22,,,,Entity Shell Company,,,,,
,true,,,AAL,2022-02-22,,,,ICFR Auditor Attestation Flag,,,,,
,,649160117,,AAL,2022-02-22,,,,"Entity Common Stock, Shares Outstanding",,,,,
,,,13.6,AAL,2022-02-22,,,,Entity Public Float,,,,,
,"Portions of the proxy statement related to American Airlines Group Inc.’s 2022 Annual Meeting of Stockholders, which proxy statement will be filed under the Securities Exchange Act of 1934 within 120 days of the end of American Airlines Group Inc.’s fiscal year ended December 31, 2021, are incorporated by reference into Part III of this Annual Report on Form 10-K.",,,AAL,2022-02-22,,,,Documents Incorporated by Reference,,,,,
,,,,AAL,2022-02-22,,,,Common Stock,,,,,
,"Common Stock, $0.01 par value per share",,,AAL,2022-02-22,,,,Title of 12(b) Security,,,,,
,AAL,,,AAL,2022-02-22,,,,Trading Symbol,,,,,
,NASDAQ,,,AAL,2022-02-22,,,,Security Exchange Name,,,,,
,,,,AAL,2022-02-22,,,,Preferred Stock Purchase Rights,,,,,
,Preferred Stock Purchase Rights,,,AAL,2022-02-22,,,,Title of 12(b) Security,,,,,
,,,,AAL,2022-02-22,,,,"American Airlines, Inc.",,,,,
,1-2691,,,AAL,2022-02-22,,,,Entity File Number,,,,,
,"American Airlines, Inc.",,,AAL,2022-02-22,,,,Entity Registrant Name,,,,,
,0000004515,,,AAL,2022-02-22,,,,Entity Central Index Key,,,,,
,13-1502798,,,AAL,2022-02-22,,,,Entity Tax Identification Number,,,,,
,Non-accelerated Filer,,,AAL,2022-02-22,,,,Entity Filer Category,,,,,
,,1000,,AAL,2022-02-22,,,,"Entity Common Stock, Shares Outstanding",,,,,
,"Dec. 31, 2022","Feb. 17, 2023","Jun. 30, 2022",AAL,2023-02-22,,,,,,,,,
, , , ,AAL,2023-02-22,,,,Document Information [Line Items],,,,,
,10-K, , ,AAL,2023-02-22,,,,Document Type,,,,,
,false, , ,AAL,2023-02-22,,,,Amendment Flag,,,,,
,true, , ,AAL,2023-02-22,,,,Document Annual Report,,,,,
,"Dec. 31,  2022", , ,AAL,2023-02-22,,,,Document Period End Date,,,,,
,false, , ,AAL,2023-02-22,,,,Document Transition Report,,,,,
,1-8400, , ,AAL,2023-02-22,,,,Entity File Number,,,,,
,American Airlines Group Inc., , ,AAL,2023-02-22,,,,Entity Registrant Name,,,,,
,0000006201, , ,AAL,2023-02-22,,,,Entity Central Index Key,,,,,
,--12-31, , ,AAL,2023-02-22,,,,Current Fiscal Year End Date,,,,,
,2022, , ,AAL,2023-02-22,,,,Document Fiscal Year Focus,,,,,
,FY, , ,AAL,2023-02-22,,,,Document Fiscal Period Focus,,,,,
,DE, , ,AAL,2023-02-22,,,,"Entity Incorporation, State or Country Code",,,,,
,75-1825172, , ,AAL,2023-02-22,,,,Entity Tax Identification Number,,,,,
,"1 Skyview Drive,", , ,AAL,2023-02-22,,,,"Entity Address, Address Line One",,,,,
,"Fort Worth,", , ,AAL,2023-02-22,,,,"Entity Address, City or Town",,,,,
,TX, , ,AAL,2023-02-22,,,,"Entity Address, State or Province",,,,,
,76155, , ,AAL,2023-02-22,,,,"Entity Address, Postal Zip Code",,,,,
,(682), , ,AAL,2023-02-22,,,,City Area Code,,,,,
,278-9000, , ,AAL,2023-02-22,,,,Local Phone Number,,,,,
,Yes, , ,AAL,2023-02-22,,,,Entity Well-known Seasoned Issuer,,,,,
,No, , ,AAL,2023-02-22,,,,Entity Voluntary Filers,,,,,
,Yes, , ,AAL,2023-02-22,,,,Entity Current Reporting Status,,,,,
,Yes, , ,AAL,2023-02-22,,,,Entity Interactive Data Current,,,,,
,Large Accelerated Filer, , ,AAL,2023-02-22,,,,Entity Filer Category,,,,,
,false, , ,AAL,2023-02-22,,,,Entity Small Business,,,,,
,false, , ,AAL,2023-02-22,,,,Entity Emerging Growth Company,,,,,
,false, , ,AAL,2023-02-22,,,,Entity Shell Company,,,,,
,true, , ,AAL,2023-02-22,,,,ICFR Auditor Attestation Flag,,,,,
, ,651430518, ,AAL,2023-02-22,,,,"Entity Common Stock, Shares Outstanding",,,,,
, , ,8.2,AAL,2023-02-22,,,,Entity Public Float,,,,,
,"Portions of the proxy statement related to American Airlines Group Inc.’s 2023 Annual Meeting of Stockholders, which proxy statement will be filed under the Securities Exchange Act of 1934 within 120 days of the end of American Airlines Group Inc.’s fiscal year ended December 31, 2022, are incorporated by reference into Part III of this Annual Report on Form 10-K.", , ,AAL,2023-02-22,,,,Documents Incorporated by Reference,,,,,
, , , ,AAL,2023-02-22,,,,Common Stock,,,,,
,"Common Stock, $0.01 par value per share", , ,AAL,2023-02-22,,,,Title of 12(b) Security,,,,,
,AAL, , ,AAL,2023-02-22,,,,Trading Symbol,,,,,
,NASDAQ, , ,AAL,2023-02-22,,,,Security Exchange Name,,,,,
, , , ,AAL,2023-02-22,,,,Preferred Stock Purchase Rights,,,,,
,Preferred Stock Purchase Rights, , ,AAL,2023-02-22,,,,Title of 12(b) Security,,,,,
, , , ,AAL,2023-02-22,,,,"American Airlines, Inc.",,,,,
,1-2691, , ,AAL,2023-02-22,,,,Entity File Number,,,,,
,"American Airlines, Inc.", , ,AAL,2023-02-22,,,,Entity Registrant Name,,,,,
,0000004515, , ,AAL,2023-02-22,,,,Entity Central Index Key,,,,,
,13-1502798, , ,AAL,2023-02-22,,,,Entity Tax Identification Number,,,,,
,Non-accelerated Filer, , ,AAL,2023-02-22,,,,Entity Filer Category,,,,,
, ,1000, ,AAL,2023-02-22,,,,"Entity Common Stock, Shares Outstanding",,,,,
,"Dec. 31, 2023","Feb. 16, 2024","Jun. 30, 2023",AAL,2024-02-21,,,,,,,,,
, , , ,AAL,2024-02-21,,,,Document Information [Line Items],,,,,
,10-K, , ,AAL,2024-02-21,,,,Document Type,,,,,
,false, , ,AAL,2024-02-21,,,,Amendment Flag,,,,,
,true, , ,AAL,2024-02-21,,,,Document Annual Report,,,,,
,"Dec. 31,  2023", , ,AAL,2024-02-21,,,,Document Period End Date,,,,,
,false, , ,AAL,2024-02-21,,,,Document Transition Report,,,,,
,1-8400, , ,AAL,2024-02-21,,,,Entity File Number,,,,,
,American Airlines Group Inc., , ,AAL,2024-02-21,,,,Entity Registrant Name,,,,,
,0000006201, , ,AAL,2024-02-21,,,,Entity Central Index Key,,,,,
,--12-31, , ,AAL,2024-02-21,,,,Current Fiscal Year End Date,,,,,
,2023, , ,AAL,2024-02-21,,,,Document Fiscal Year Focus,,,,,
,FY, , ,AAL,2024-02-21,,,,Document Fiscal Period Focus,,,,,
,DE, , ,AAL,2024-02-21,,,,"Entity Incorporation, State or Country Code",,,,,
,75-1825172, , ,AAL,2024-02-21,,,,Entity Tax Identification Number,,,,,
,"1 Skyview Drive,", , ,AAL,2024-02-21,,,,"Entity Address, Address Line One",,,,,
,"Fort Worth,", , ,AAL,2024-02-21,,,,"Entity Address, City or Town",,,,,
,TX, , ,AAL,2024-02-21,,,,"Entity Address, State or Province",,,,,
,76155, , ,AAL,2024-02-21,,,,"Entity Address, Postal Zip Code",,,,,
,(682), , ,AAL,2024-02-21,,,,City Area Code,,,,,
,278-9000, , ,AAL,2024-02-21,,,,Local Phone Number,,,,,
,Yes, , ,AAL,2024-02-21,,,,Entity Well-known Seasoned Issuer,,,,,
,No, , ,AAL,2024-02-21,,,,Entity Voluntary Filers,,,,,
,Yes, , ,AAL,2024-02-21,,,,Entity Current Reporting Status,,,,,
,Yes, , ,AAL,2024-02-21,,,,Entity Interactive Data Current,,,,,
,Large Accelerated Filer, , ,AAL,2024-02-21,,,,Entity Filer Category,,,,,
,false, , ,AAL,2024-02-21,,,,Entity Small Business,,,,,
,false, , ,AAL,2024-02-21,,,,Entity Emerging Growth Company,,,,,
,true, , ,AAL,2024-02-21,,,,ICFR Auditor Attestation Flag,,,,,
,false, , ,AAL,2024-02-21,,,,Document Financial Statement Error Correction [Flag],,,,,
,false, , ,AAL,2024-02-21,,,,Entity Shell Company,,,,,
, ,654756816, ,AAL,2024-02-21,,,,"Entity Common Stock, Shares Outstanding",,,,,
, , ,11.7,AAL,2024-02-21,,,,Entity Public Float,,,,,
,"Portions of the proxy statement related to American Airlines Group Inc.’s 2024 Annual Meeting of Stockholders, which proxy statement will be filed under the Securities Exchange Act of 1934 within 120 days of the end of American Airlines Group Inc.’s fiscal year ended December 31, 2023, are incorporated by reference into Part III of this Annual Report on Form 10-K.", , ,AAL,2024-02-21,,,,Documents Incorporated by Reference,,,,,
, , , ,AAL,2024-02-21,,,,Common Stock,,,,,
,"Common Stock, $0.01 par value per share", , ,AAL,2024-02-21,,,,Title of 12(b) Security,,,,,
,AAL, , ,AAL,2024-02-21,,,,Trading Symbol,,,,,
,NASDAQ, , ,AAL,2024-02-21,,,,Security Exchange Name,,,,,
, , , ,AAL,2024-02-21,,,,Preferred Stock Purchase Rights,,,,,
,Preferred Stock Purchase Rights, , ,AAL,2024-02-21,,,,Title of 12(b) Security,,,,,
, , , ,AAL,2024-02-21,,,,"American Airlines, Inc.",,,,,
,1-2691, , ,AAL,2024-02-21,,,,Entity File Number,,,,,
,"American Airlines, Inc.", , ,AAL,2024-02-21,,,,Entity Registrant Name,,,,,
,0000004515, , ,AAL,2024-02-21,,,,Entity Central Index Key,,,,,
,13-1502798, , ,AAL,2024-02-21,,,,Entity Tax Identification Number,,,,,
,Non-accelerated Filer, , ,AAL,2024-02-21,,,,Entity Filer Category,,,,,
, ,1000, ,AAL,2024-02-21,,,,"Entity Common Stock, Shares Outstanding",,,,,
,"Dec. 31, 2024","Feb. 14, 2025","Jun. 30, 2024",AAL,2025-02-19,,,,,,,,,
, , , ,AAL,2025-02-19,,,,Document Information [Line Items],,,,,
,10-K, , ,AAL,2025-02-19,,,,Document Type,,,,,
,false, , ,AAL,2025-02-19,,,,Amendment Flag,,,,,
,true, , ,AAL,2025-02-19,,,,Document Annual Report,,,,,
,"Dec. 31,  2024", , ,AAL,2025-02-19,,,,Document Period End Date,,,,,
,false, , ,AAL,2025-02-19,,,,Document Transition Report,,,,,
,1-8400, , ,AAL,2025-02-19,,,,Entity File Number,,,,,
,American Airlines Group Inc., , ,AAL,2025-02-19,,,,Entity Registrant Name,,,,,
,0000006201, , ,AAL,2025-02-19,,,,Entity Central Index Key,,,,,
,--12-31, , ,AAL,2025-02-19,,,,Current Fiscal Year End Date,,,,,
,2024, , ,AAL,2025-02-19,,,,Document Fiscal Year Focus,,,,,
,FY, , ,AAL,2025-02-19,,,,Document Fiscal Period Focus,,,,,
,DE, , ,AAL,2025-02-19,,,,"Entity Incorporation, State or Country Code",,,,,
,75-1825172, , ,AAL,2025-02-19,,,,Entity Tax Identification Number,,,,,
,"1 Skyview Drive,", , ,AAL,2025-02-19,,,,"Entity Address, Address Line One",,,,,
,"Fort Worth,", , ,AAL,2025-02-19,,,,"Entity Address, City or Town",,,,,
,TX, , ,AAL,2025-02-19,,,,"Entity Address, State or Province",,,,,
,76155, , ,AAL,2025-02-19,,,,"Entity Address, Postal Zip Code",,,,,
,(682), , ,AAL,2025-02-19,,,,City Area Code,,,,,
,278-9000, , ,AAL,2025-02-19,,,,Local Phone Number,,,,,
,Yes, , ,AAL,2025-02-19,,,,Entity Well-known Seasoned Issuer,,,,,
,No, , ,AAL,2025-02-19,,,,Entity Voluntary Filers,,,,,
,Yes, , ,AAL,2025-02-19,,,,Entity Current Reporting Status,,,,,
,Yes, , ,AAL,2025-02-19,,,,Entity Interactive Data Current,,,,,
,Large Accelerated Filer, , ,AAL,2025-02-19,,,,Entity Filer Category,,,,,
,false, , ,AAL,2025-02-19,,,,Entity Small Business,,,,,
,false, , ,AAL,2025-02-19,,,,Entity Emerging Growth Company,,,,,
,true, , ,AAL,2025-02-19,,,,ICFR Auditor Attestation Flag,,,,,
,false, , ,AAL,2025-02-19,,,,Document Financial Statement Error Correction [Flag],,,,,
,false, , ,AAL,2025-02-19,,,,Entity Shell Company,,,,,
, ,657575582, ,AAL,2025-02-19,,,,"Entity Common Stock, Shares Outstanding",,,,,
, , ,7.4,AAL,2025-02-19,,,,Entity Public Float,,,,,
,"Portions of the proxy statement related to American Airlines Group Inc.’s 2025 Annual Meeting of Stockholders, which proxy statement will be filed under the Securities Exchange Act of 1934 within 120 days of the end of American Airlines Group Inc.’s fiscal year ended December 31, 2024, are incorporated by reference into Part III of this Annual Report on Form 10-K.", , ,AAL,2025-02-19,,,,Documents Incorporated by Reference,,,,,
, , , ,AAL,2025-02-19,,,,Common Stock,,,,,
,"Common Stock, $0.01 par value per share", , ,AAL,2025-02-19,,,,Title of 12(b) Security,,,,,
,AAL, , ,AAL,2025-02-19,,,,Trading Symbol,,,,,
,NASDAQ, , ,AAL,2025-02-19,,,,Security Exchange Name,,,,,
, , , ,AAL,2025-02-19,,,,Preferred Stock Purchase Rights,,,,,
,Preferred Stock Purchase Rights, , ,AAL,2025-02-19,,,,Title of 12(b) Security,,,,,
, , , ,AAL,2025-02-19,,,,"American Airlines, Inc.",,,,,
,1-2691, , ,AAL,2025-02-19,,,,Entity File Number,,,,,
,"American Airlines, Inc.", , ,AAL,2025-02-19,,,,Entity Registrant Name,,,,,
,0000004515, , ,AAL,2025-02-19,,,,Entity Central Index Key,,,,,
,13-1502798, , ,AAL,2025-02-19,,,,Entity Tax Identification Number,,,,,
,Non-accelerated Filer, , ,AAL,2025-02-19,,,,Entity Filer Category,,,,,
, ,1000, ,AAL,2025-02-19,,,,"Entity Common Stock, Shares Outstanding",,,,,
,,"Mar. 11, 2025",,AAM,2025-03-11,,,,,,"Dec. 31, 2024",,,
,, ,,AAM,2025-03-11,,,,,Document Information [Line Items], ,,,
,, ,,AAM,2025-03-11,,,,,Document Type,10-K,,,
,, ,,AAM,2025-03-11,,,,,Document Annual Report,true,,,
,, ,,AAM,2025-03-11,,,,,Document Transition Report,false,,,
,, ,,AAM,2025-03-11,,,,,Document Financial Statement Error Correction [Flag],false,,,
,, ,,AAM,2025-03-11,,,,,Entity Interactive Data Current,Yes,,,
,, ,,AAM,2025-03-11,,,,,ICFR Auditor Attestation Flag,false,,,
,, ,,AAM,2025-03-11,,,,,Amendment Flag,false,,,
,, ,,AAM,2025-03-11,,,,,Document Period End Date,"Dec. 31,  2024",,,
,, ,,AAM,2025-03-11,,,,,Document Fiscal Year Focus,2024,,,
,, ,,AAM,2025-03-11,,,,,Document Fiscal Period Focus,FY,,,
,, ,,AAM,2025-03-11,,,,,Documents Incorporated by Reference [Text Block],,,,
,, ,,AAM,2025-03-11,,,,,Entity Information [Line Items], ,,,
,, ,,AAM,2025-03-11,,,,,Entity Registrant Name,AA Mission Acquisition Corp.,,,
,, ,,AAM,2025-03-11,,,,,Entity Central Index Key,0002012964,,,
,, ,,AAM,2025-03-11,,,,,Entity File Number,001-42196,,,
,, ,,AAM,2025-03-11,,,,,Entity Tax Identification Number,00-0000000,,,
,, ,,AAM,2025-03-11,,,,,"Entity Incorporation, State or Country Code",E9,,,
,, ,,AAM,2025-03-11,,,,,Current Fiscal Year End Date,--12-31,,,
,, ,,AAM,2025-03-11,,,,,Entity Well-known Seasoned Issuer,No,,,
,, ,,AAM,2025-03-11,,,,,Entity Voluntary Filers,No,,,
,, ,,AAM,2025-03-11,,,,,Entity Current Reporting Status,Yes,,,
,, ,,AAM,2025-03-11,,,,,Entity Shell Company,true,,,
,, ,,AAM,2025-03-11,,,,,Entity Filer Category,Non-accelerated Filer,,,
,, ,,AAM,2025-03-11,,,,,Entity Small Business,true,,,
,, ,,AAM,2025-03-11,,,,,Entity Emerging Growth Company,true,,,
,, ,,AAM,2025-03-11,,,,,Entity Ex Transition Period,false,,,
,, ,,AAM,2025-03-11,,,,,Entity Public Float,284,,,
,, ,,AAM,2025-03-11,,,,,"Entity Incorporation, Date of Incorporation","Feb.  09,  2024",,,
,, ,,AAM,2025-03-11,,,,,Entity Contact Personnel [Line Items], ,,,
,, ,,AAM,2025-03-11,,,,,"Entity Address, Address Line One",21 Waterway Avenue,,,
,, ,,AAM,2025-03-11,,,,,"Entity Address, Address Line Two",STE 300 #9732,,,
,, ,,AAM,2025-03-11,,,,,"Entity Address, City or Town",The Woodlands,,,
,, ,,AAM,2025-03-11,,,,,"Entity Address, State or Province",TX,,,
,, ,,AAM,2025-03-11,,,,,"Entity Address, Postal Zip Code",77380,,,
,, ,,AAM,2025-03-11,,,,,Entity Phone Fax Numbers [Line Items], ,,,
,, ,,AAM,2025-03-11,,,,,City Area Code,832,,,
,, ,,AAM,2025-03-11,,,,,Local Phone Number,336-8887,,,
,, ,,AAM,2025-03-11,,,,,Entity Listings [Line Items], ,,,
,,35349000,,AAM,2025-03-11,,,,,"Entity Common Stock, Shares Outstanding", ,,,
,, ,,AAM,2025-03-11,,,,,"Units, each consisting of one Class A ordinary share and one-half of one warrant", ,,,
,, ,,AAM,2025-03-11,,,,,Title of 12(b) Security,"Units, each consisting of one Class A ordinary share and one-half of one warrant",,,
,, ,,AAM,2025-03-11,,,,,Trading Symbol,AAM.U,,,
,, ,,AAM,2025-03-11,,,,,Security Exchange Name,NYSE,,,
,, ,,AAM,2025-03-11,,,,,"Class A ordinary shares, par value $0.0001 per share", ,,,
,, ,,AAM,2025-03-11,,,,,Title of 12(b) Security,"Class A ordinary shares, par value $0.0001 per share",,,
,, ,,AAM,2025-03-11,,,,,Trading Symbol,AAM,,,
,, ,,AAM,2025-03-11,,,,,"Warrants, each whole warrant entitles the holder thereof to purchase one Class A ordinary share at a price of $11.50 per share, exercisable 30 days after the completion of our initial business combination and will expire five years after the completion of our initial business combination or earlier upon redemption or our liquidation", ,,,
,, ,,AAM,2025-03-11,,,,,Title of 12(b) Security,"Warrants, each whole warrant entitles the holder thereof to purchase one Class A ordinary share",,,
,, ,,AAM,2025-03-11,,,,,Trading Symbol,AAM.W,,,
,"Dec. 31, 2019","Mar. 13, 2020","Jun. 30, 2019",AAME,2020-03-24,,,,,,,,,
,,,,AAME,2020-03-24,Cover [Abstract],,,,,,,,
,ATLANTIC AMERICAN CORP,,,AAME,2020-03-24,Entity Registrant Name,,,,,,,,
,0000008177,,,AAME,2020-03-24,Entity Central Index Key,,,,,,,,
,--12-31,,,AAME,2020-03-24,Current Fiscal Year End Date,,,,,,,,
,No,,,AAME,2020-03-24,Entity Well-known Seasoned Issuer,,,,,,,,
,No,,,AAME,2020-03-24,Entity Voluntary Filers,,,,,,,,
,Yes,,,AAME,2020-03-24,Entity Current Reporting Status,,,,,,,,
,Yes,,,AAME,2020-03-24,Entity Interactive Data Current,,,,,,,,
,false,,,AAME,2020-03-24,Entity Shell Company,,,,,,,,
,Non-accelerated Filer,,,AAME,2020-03-24,Entity Filer Category,,,,,,,,
,true,,,AAME,2020-03-24,Entity Small Business,,,,,,,,
,false,,,AAME,2020-03-24,Entity Emerging Growth Company,,,,,,,,
,,,10800070,AAME,2020-03-24,Entity Public Float,,,,,,,,
,,20472162,,AAME,2020-03-24,"Entity Common Stock, Shares Outstanding",,,,,,,,
,10-K,,,AAME,2020-03-24,Document Type,,,,,,,,
,false,,,AAME,2020-03-24,Amendment Flag,,,,,,,,
,"Dec. 31,
		2019",,,AAME,2020-03-24,Document Period End Date,,,,,,,,
,2019,,,AAME,2020-03-24,Document Fiscal Year Focus,,,,,,,,
,FY,,,AAME,2020-03-24,Document Fiscal Period Focus,,,,,,,,
,GA,,,AAME,2020-03-24,"Entity Address, State or Province",,,,,,,,
,"Dec. 31, 2020","Mar. 10, 2021","Jun. 30, 2020",AAME,2021-03-23,,,,,,,,,
,,,,AAME,2021-03-23,Cover page.,,,,,,,,
,ATLANTIC AMERICAN CORP,,,AAME,2021-03-23,Entity Registrant Name,,,,,,,,
,0000008177,,,AAME,2021-03-23,Entity Central Index Key,,,,,,,,
,--12-31,,,AAME,2021-03-23,Current Fiscal Year End Date,,,,,,,,
,10-K,,,AAME,2021-03-23,Document Type,,,,,,,,
,false,,,AAME,2021-03-23,Amendment Flag,,,,,,,,
,"Dec. 31,
		2020",,,AAME,2021-03-23,Document Period End Date,,,,,,,,
,2020,,,AAME,2021-03-23,Document Fiscal Year Focus,,,,,,,,
,FY,,,AAME,2021-03-23,Document Fiscal Period Focus,,,,,,,,
,GA,,,AAME,2021-03-23,"Entity Address, State or Province",,,,,,,,
,No,,,AAME,2021-03-23,Entity Well-known Seasoned Issuer,,,,,,,,
,No,,,AAME,2021-03-23,Entity Voluntary Filers,,,,,,,,
,Yes,,,AAME,2021-03-23,Entity Current Reporting Status,,,,,,,,
,Yes,,,AAME,2021-03-23,Entity Interactive Data Current,,,,,,,,
,Non-accelerated Filer,,,AAME,2021-03-23,Entity Filer Category,,,,,,,,
,true,,,AAME,2021-03-23,Entity Small Business,,,,,,,,
,false,,,AAME,2021-03-23,Entity Emerging Growth Company,,,,,,,,
,false,,,AAME,2021-03-23,Entity Shell Company,,,,,,,,
,,,6720805,AAME,2021-03-23,Entity Public Float,,,,,,,,
,,20415243,,AAME,2021-03-23,"Entity Common Stock, Shares Outstanding",,,,,,,,
,"Dec. 31, 2021","Mar. 16, 2022","Jun. 30, 2021",AAME,2022-03-25,,,,,,,,,
,,,,AAME,2022-03-25,Cover [Abstract],,,,,,,,
,10-K,,,AAME,2022-03-25,Document Type,,,,,,,,
,false,,,AAME,2022-03-25,Amendment Flag,,,,,,,,
,true,,,AAME,2022-03-25,Document Annual Report,,,,,,,,
,"Dec. 31,
		2021",,,AAME,2022-03-25,Document Period End Date,,,,,,,,
,--12-31,,,AAME,2022-03-25,Current Fiscal Year End Date,,,,,,,,
,2021,,,AAME,2022-03-25,Document Fiscal Year Focus,,,,,,,,
,FY,,,AAME,2022-03-25,Document Fiscal Period Focus,,,,,,,,
,false,,,AAME,2022-03-25,Document Transition Report,,,,,,,,
,0-3722,,,AAME,2022-03-25,Entity File Number,,,,,,,,
,ATLANTIC AMERICAN CORP,,,AAME,2022-03-25,Entity Registrant Name,,,,,,,,
,0000008177,,,AAME,2022-03-25,Entity Central Index Key,,,,,,,,
,GA,,,AAME,2022-03-25,"Entity Incorporation, State or Country Code",,,,,,,,
,58-1027114,,,AAME,2022-03-25,Entity Tax Identification Number,,,,,,,,
,"4370 Peachtree Road, N.E.",,,AAME,2022-03-25,"Entity Address, Address Line One",,,,,,,,
,Atlanta,,,AAME,2022-03-25,"Entity Address, City or Town",,,,,,,,
,GA,,,AAME,2022-03-25,"Entity Address, State or Province",,,,,,,,
,30319,,,AAME,2022-03-25,"Entity Address, Postal Zip Code",,,,,,,,
,404,,,AAME,2022-03-25,City Area Code,,,,,,,,
,266-5500,,,AAME,2022-03-25,Local Phone Number,,,,,,,,
,"Common Stock, par value $1.00 per share",,,AAME,2022-03-25,Title of 12(b) Security,,,,,,,,
,AAME,,,AAME,2022-03-25,Trading Symbol,,,,,,,,
,NASDAQ,,,AAME,2022-03-25,Security Exchange Name,,,,,,,,
,No,,,AAME,2022-03-25,Entity Well-known Seasoned Issuer,,,,,,,,
,No,,,AAME,2022-03-25,Entity Voluntary Filers,,,,,,,,
,Yes,,,AAME,2022-03-25,Entity Current Reporting Status,,,,,,,,
,Yes,,,AAME,2022-03-25,Entity Interactive Data Current,,,,,,,,
,Non-accelerated Filer,,,AAME,2022-03-25,Entity Filer Category,,,,,,,,
,true,,,AAME,2022-03-25,Entity Small Business,,,,,,,,
,false,,,AAME,2022-03-25,Entity Emerging Growth Company,,,,,,,,
,false,,,AAME,2022-03-25,ICFR Auditor Attestation Flag,,,,,,,,
,false,,,AAME,2022-03-25,Entity Shell Company,,,,,,,,
,,,17207139,AAME,2022-03-25,Entity Public Float,,,,,,,,
,,20378576,,AAME,2022-03-25,"Entity Common Stock, Shares Outstanding",,,,,,,,
,"Dixon Hughes Goodman, LLP",,,AAME,2022-03-25,Auditor Name,,,,,,,,
,"Atlanta, GA",,,AAME,2022-03-25,Auditor Location,,,,,,,,
,57,,,AAME,2022-03-25,Auditor Firm ID,,,,,,,,
,"Dec. 31, 2022","Jun. 12, 2023","Jun. 30, 2022",AAME,2023-06-30,,,,,,,,,
, , , ,AAME,2023-06-30,Cover [Abstract],,,,,,,,
,10-K, , ,AAME,2023-06-30,Document Type,,,,,,,,
,false, , ,AAME,2023-06-30,Amendment Flag,,,,,,,,
,true, , ,AAME,2023-06-30,Document Annual Report,,,,,,,,
,"Dec. 31,  2022", , ,AAME,2023-06-30,Document Period End Date,,,,,,,,
,--12-31, , ,AAME,2023-06-30,Current Fiscal Year End Date,,,,,,,,
,2022, , ,AAME,2023-06-30,Document Fiscal Year Focus,,,,,,,,
,FY, , ,AAME,2023-06-30,Document Fiscal Period Focus,,,,,,,,
,false, , ,AAME,2023-06-30,Document Transition Report,,,,,,,,
,0-3722, , ,AAME,2023-06-30,Entity File Number,,,,,,,,
,ATLANTIC AMERICAN CORP, , ,AAME,2023-06-30,Entity Registrant Name,,,,,,,,
,0000008177, , ,AAME,2023-06-30,Entity Central Index Key,,,,,,,,
,GA, , ,AAME,2023-06-30,"Entity Incorporation, State or Country Code",,,,,,,,
,58-1027114, , ,AAME,2023-06-30,Entity Tax Identification Number,,,,,,,,
,"4370 Peachtree Road, N.E.", , ,AAME,2023-06-30,"Entity Address, Address Line One",,,,,,,,
,Atlanta, , ,AAME,2023-06-30,"Entity Address, City or Town",,,,,,,,
,GA, , ,AAME,2023-06-30,"Entity Address, State or Province",,,,,,,,
,30319, , ,AAME,2023-06-30,"Entity Address, Postal Zip Code",,,,,,,,
,404, , ,AAME,2023-06-30,City Area Code,,,,,,,,
,266-5500, , ,AAME,2023-06-30,Local Phone Number,,,,,,,,
,"Common Stock, par value $1.00 per share", , ,AAME,2023-06-30,Title of 12(b) Security,,,,,,,,
,AAME, , ,AAME,2023-06-30,Trading Symbol,,,,,,,,
,NASDAQ, , ,AAME,2023-06-30,Security Exchange Name,,,,,,,,
,No, , ,AAME,2023-06-30,Entity Well-known Seasoned Issuer,,,,,,,,
,No, , ,AAME,2023-06-30,Entity Voluntary Filers,,,,,,,,
,Yes, , ,AAME,2023-06-30,Entity Current Reporting Status,,,,,,,,
,Yes, , ,AAME,2023-06-30,Entity Interactive Data Current,,,,,,,,
,Non-accelerated Filer, , ,AAME,2023-06-30,Entity Filer Category,,,,,,,,
,true, , ,AAME,2023-06-30,Entity Small Business,,,,,,,,
,false, , ,AAME,2023-06-30,Entity Emerging Growth Company,,,,,,,,
,false, , ,AAME,2023-06-30,ICFR Auditor Attestation Flag,,,,,,,,
,false, , ,AAME,2023-06-30,Entity Shell Company,,,,,,,,
, , ,10809906,AAME,2023-06-30,Entity Public Float,,,,,,,,
, ,20404699, ,AAME,2023-06-30,"Entity Common Stock, Shares Outstanding",,,,,,,,
,686, , ,AAME,2023-06-30,Auditor Firm ID,,,,,,,,
,"FORVIS, LLP", , ,AAME,2023-06-30,Auditor Name,,,,,,,,
,"Atlanta, Georgia", , ,AAME,2023-06-30,Auditor Location,,,,,,,,
,"Dec. 31, 2023","Feb. 29, 2024","Jun. 30, 2023",AAME,2024-04-01,,,,,,,,,
, , , ,AAME,2024-04-01,Cover [Abstract],,,,,,,,
,10-K, , ,AAME,2024-04-01,Document Type,,,,,,,,
,false, , ,AAME,2024-04-01,Amendment Flag,,,,,,,,
,true, , ,AAME,2024-04-01,Document Annual Report,,,,,,,,
,"Dec. 31,  2023", , ,AAME,2024-04-01,Document Period End Date,,,,,,,,
,--12-31, , ,AAME,2024-04-01,Current Fiscal Year End Date,,,,,,,,
,2023, , ,AAME,2024-04-01,Document Fiscal Year Focus,,,,,,,,
,FY, , ,AAME,2024-04-01,Document Fiscal Period Focus,,,,,,,,
,false, , ,AAME,2024-04-01,Document Transition Report,,,,,,,,
,0-3722, , ,AAME,2024-04-01,Entity File Number,,,,,,,,
,ATLANTIC AMERICAN CORP, , ,AAME,2024-04-01,Entity Registrant Name,,,,,,,,
,0000008177, , ,AAME,2024-04-01,Entity Central Index Key,,,,,,,,
,GA, , ,AAME,2024-04-01,"Entity Incorporation, State or Country Code",,,,,,,,
,58-1027114, , ,AAME,2024-04-01,Entity Tax Identification Number,,,,,,,,
,"4370 Peachtree Road, N.E.", , ,AAME,2024-04-01,"Entity Address, Address Line One",,,,,,,,
,Atlanta, , ,AAME,2024-04-01,"Entity Address, City or Town",,,,,,,,
,GA, , ,AAME,2024-04-01,"Entity Address, State or Province",,,,,,,,
,30319, , ,AAME,2024-04-01,"Entity Address, Postal Zip Code",,,,,,,,
,404, , ,AAME,2024-04-01,City Area Code,,,,,,,,
,266-5500, , ,AAME,2024-04-01,Local Phone Number,,,,,,,,
,"Common Stock, par value $1.00 per share", , ,AAME,2024-04-01,Title of 12(b) Security,,,,,,,,
,AAME, , ,AAME,2024-04-01,Trading Symbol,,,,,,,,
,NASDAQ, , ,AAME,2024-04-01,Security Exchange Name,,,,,,,,
,No, , ,AAME,2024-04-01,Entity Well-known Seasoned Issuer,,,,,,,,
,No, , ,AAME,2024-04-01,Entity Voluntary Filers,,,,,,,,
,Yes, , ,AAME,2024-04-01,Entity Current Reporting Status,,,,,,,,
,Yes, , ,AAME,2024-04-01,Entity Interactive Data Current,,,,,,,,
,Non-accelerated Filer, , ,AAME,2024-04-01,Entity Filer Category,,,,,,,,
,true, , ,AAME,2024-04-01,Entity Small Business,,,,,,,,
,false, , ,AAME,2024-04-01,Entity Emerging Growth Company,,,,,,,,
,false, , ,AAME,2024-04-01,ICFR Auditor Attestation Flag,,,,,,,,
,false, , ,AAME,2024-04-01,Document Financial Statement Error Correction [Flag],,,,,,,,
,false, , ,AAME,2024-04-01,Entity Shell Company,,,,,,,,
, , ,7887231,AAME,2024-04-01,Entity Public Float,,,,,,,,
, ,20402288, ,AAME,2024-04-01,"Entity Common Stock, Shares Outstanding",,,,,,,,
,686, , ,AAME,2024-04-01,Auditor Firm ID,,,,,,,,
,"FORVIS, LLP", , ,AAME,2024-04-01,Auditor Name,,,,,,,,
,"Atlanta, Georgia", , ,AAME,2024-04-01,Auditor Location,,,,,,,,
